Workbook

Sheet 00_사용안내
B1: 재무제표분석과 기업가치평가 ─ 기업분석 포트폴리오 (Chapter 1 ~ 3) · 학생용
B2: 백복현·장궈화·최종학, 『재무제표분석과 기업가치평가』(박영사, 제4판) 1~3장 과제. 대상기업과 비교기업을 직접 고르고, DART 사업보고서와 주가자료로 노란 칸을 채워 나가세요. 금액 단위는 백만원, 주가는 원, 주식수는 천주로 통일합니다. 4장(현금흐름표) 이후 시트는 다음 시간에 배부합니다. 이 파일의 1~3장 입력이 이후 모든 분석의 기초가 되므로, 검증행에 OK가 뜨는지 반드시 확인하세요.
C4: ■ 셀 색상 규칙
C5: 표시 | D5: 의미
D6: 여러분이 직접 입력·조사해서 채우는 칸입니다.
C7: 파란색 글씨 + 연주황 배경 | D7: 여러분이 세우는 '가정' 값입니다. 이 칸을 바꾸면 결과가 함께 움직여야 합니다.
C8: 파란색 글씨 + 회색 배경 | D8: 작성 형식을 보여주는 예시 또는 주어진 자료입니다. 고치지 마세요.
C9: 검정색 글씨 | D9: 수식이 들어갈 칸입니다. 값을 직접 타이핑하면 안 됩니다.
C10: 빨간색 글씨 | D10: 검증용 칸입니다. 'OK'가 뜨는지 반드시 확인하세요.
C12: ■ 시트 구성 및 진행 순서
C13: 시트 | D13: 할 일
C14: 1-1_기업선정 | D14: [1장 과제①] 대상기업·비교기업을 고르고 DART 사업보고서에서 기본정보를 정리합니다.
C15: 1-2_기업개요비교 | D15: [1장 과제②] Chapter Report에 들어갈 산업·경쟁현황·제품·지배구조·경영자·감사인을 두 기업 나란히 비교합니다.
C16: 1-3_주가추이_월별 | D16: [1장 과제③] 최근 5년 60개월 월말 종가와 KOSPI로 수익률·지수화·그래프를 만들어 시장 대비 성과를 봅니다. (연도별 주가는 2-4 시트에 작성)
C17: 1-4_보고서비교 | D17: [1장 과제⑤] 증권사 애널리스트 보고서와 신용평가기관 보고서의 차이를 항목별로 대조합니다.
C18: 1-5_애널리스트보고서 | D18: 대상기업의 애널리스트 보고서(기준년도의 재무 데이터를 반영한 보고서)를 첨부·요약합니다.
C19: 1-6_신용평가보고서 | D19: 대상기업의 최근 신용평가 보고서(기준년도의 재무 데이터를 반영한 보고서)를 첨부·요약합니다.
C20: 2-0_왜_이_실습인가 | D20: [읽기] 2장 실습이 6·7·8·10·11장의 무엇에 쓰이는지 시트별 로드맵과 학기 지도. 각 항목에 강의노트 슬라이드 번호를 달았습니다.
C21: 2-1_재무상태표 | D21: [2장 과제①] 두 기업 6개년 재무상태표를 입력하고 오른쪽에 공통형 분석과 증감율(분석적 검토)을 작성합니다. 이후 모든 시트가 이 시트를 참조합니다.
C22: 2-2_공통형_해석 | D22: [2장 과제②] 공통형 분석 결과를 읽고 Chapter Report용 서술을 정리합니다.
C23: 2-3_PBR_비교 | D23: [2장 과제③] 기준년도 결산일 종가·유통주식수·지배기업 소유주지분으로 6개년 PBR을 계산·비교하고, 시가총액과 장부가치의 차이를 해석합니다.
C24: 3-1_손익계산서 | D24: [3장 과제①] 6개년 연결손익계산서를 입력하고 공통형(매출액 = 100%)·증감율을 계산합니다. PER·PBR을 함께 그린 그래프로 두 지표의 관계를 확인하고, Chapter Report 5개 항목을 서술합니다.
C25: 4-1 이후 | D25: 현금흐름표·수익성·위험·이익의 질·재무예측·기업가치평가(DCF·초과이익모형·상대가치) 시트는 다음 시간에 배부합니다.
C43: ■ 유의사항
C44: • | D44: 금액 단위는 백만원, 주가는 원, 주식수는 천주(2-3 시트)로 통일합니다. 사업보고서·DataGuide 원문 단위(원, 천원)와 다를 수 있으니 옮겨 적을 때 반드시 확인하세요.
C45: • | D45: 숫자를 손으로 계산해서 적지 마세요. 2-3·3-1 시트는 2-1 시트의 값에 수식으로 연결되어 있어, 원자료를 고치면 결과가 함께 바뀝니다.
C46: • | D46: 1-3 시트는 월별(60개월) 주가를, 2-3 시트는 연도별(결산일) 주가를 다룹니다. PBR은 결산일 장부가치와 짝을 맞춰야 하므로 연도별 주가를 씁니다.
C47: • | D47: 출처(사업보고서 페이지, URL, 조회일자)를 각 표의 '출처' 칸에 남겨두면 기말 보고서를 쓸 때 다시 찾는 수고를 덜 수 있습니다.
C48: • | D48: 시트 곳곳의 셀 메모(빨간 삼각형)에는 해당 개념이 강의노트 어느 장·어느 슬라이드에 나오는지 적어 두었습니다. "지금 이걸 왜 하는가"가 궁금하면 2-0 시트와 메모를 먼저 보세요.

Sheet 1-1_기업선정
B1: [과제 ①] 분석 대상기업 · 비교기업 선정
B2: DART(dart.fss.or.kr) 최근연도 사업보고서 → 'II. 사업의 개요'를 먼저 읽고 작성하세요.
C4: 항목 | D4: 대상기업 | E4: 비교기업 | F4: 확인 방법 / 메모
C5: 기업명 | F5: 사업보고서 표지
C6: 종목코드 | F6: 6자리. 예: 005930
C7: 상장시장 | F7: KOSPI / KOSDAQ / KONEX
C8: 상장일 | F8: 회사 개요 또는 KRX
C9: 업종 (표준산업분류) | F9: 사업보고서에 표준산업분류가 표기되어 있지 않습니다. DART 기업개황에서 확인해 채우세요.
C10: 주요 제품·서비스 | F10: 'II. 사업의 개요' 매출 구성
C11: 최근 사업연도 | F11: 예: 2025
C12: 시가총액 (백만원) | F12: 조회일 기준(stock.naver.com, DataGuide)
C13: 발행주식수 (주) | F13: 보통주 기준, 자기주식 포함. 메디톡스 자기주식 743,316주 · 휴젤 1,500,741주
C14: 최근 종가 (원) | F14: 조회일자 함께 기록
C15: 최대주주 및 지분율 | F15: '대주주 등에 관한 사항'
C16: 대표이사 | F16: '임원 및 직원 등에 관한 사항'
... C20: 자료 조회일자 | F20: YYYY-MM-DD
C22: 작성 예시 (참고용)
C23: 항목 | D23: 대상기업 | E23: 비교기업
C24: 기업명 | D24: 삼성생명 | E24: 한화생명
C25: 종목코드 | D25: 032830 | E25: 088350
C26: 상장시장 | D26: KOSPI | E26: KOSPI
C27: 업종 (표준산업분류) | D27: 보험업 (K65) | E27: 보험업 (K65)
C28: 시가총액 (백만원) | D28: 16,800,000 | E28: 2,700,000
C29: ※ 위 예시는 형식 안내용 숫자이며 실제 공시치가 아닙니다. 강의노트 1장의 삼성생명 사례에서 착안한 예시입니다.
C32: 비교기업 선정 사유 (3~5줄)

Sheet 1-2_기업개요비교
B1: [과제 ②] Chapter Report 작성용 기업개요 비교
B2: 본 장의 과제는 2장 분량의 Chapter Report입니다. 아래 항목이 보고서 목차가 됩니다. 여러분은 증권사 애널리스트입니다.
C4: 보고서 항목 | D4: 대상기업 | E4: 비교기업
C5: 산업 개요 및 시장규모
C6: 산업 내 경쟁현황 (주요 경쟁사·점유율)
C7: 주요 제조상품 / 서비스
C8: 매출 구성 (제품별·지역별 비중)
C9: 기업지배구조 (지분구조·이사회)
C10: 경영자 (대표이사 이력·경영전략)
C11: 회계감사인 및 감사의견
C12: 최근 3년 주요 이슈 (M&A, 소송, 규제 등)
C13: 투자포인트 (강점)
C14: 투자위험 (약점·리스크)
C17: 출처 기록
C18: 구분 | D18: 출처 (문서명 · 페이지 · URL) | E18: 조회일자
C19: 대상기업 사업보고서
C20: 비교기업 사업보고서
C21: 산업 통계·협회 자료
C22: 증권사 리포트
C23: 기타

Sheet 1-3_주가추이_월별
B1: [과제 ③] 월별 주가 변동추이와 시장대표지수(KOSPI) 비교 (60개월)
B2: 월말 종가 기준, 배당 미고려. 연도별(결산일) 주가와 PBR은 2-4 시트에서 다루므로 이 시트는 월별 흐름과 시장 대비 성과에 집중합니다.
C4: 작성 예시 (형식 참고용 · 지우지 마세요)
C5: 연월 | D5: 대상기업 종가(원) | E5: 비교기업 종가(원) | F5: KOSPI | G5: 대상 월수익률 | H5: 비교 월수익률 | I5: KOSPI 월수익률
C6: 2020-10 | D6: 60000 | E6: 25000 | F6: 2267 | G6: - | H6: - | I6: -
C7: 2020-11 | D7: 66700 | E7: 26500 | F7: 2591.3 | G7: =D7/D6-1 -> 0.11166667 | H7: =E7/E6-1 -> 0.06 | I7: =F7/F6-1 -> 0.14305249
C8: 2020-12 | D8: 81000 | E8: 27200 | F8: 2873.5 | G8: =D8/D7-1 -> 0.2143928 | H8: =E8/E7-1 -> 0.026415094 | I8: =F8/F7-1 -> 0.10890287
C9: ※ 월수익률 = 당월 종가 ÷ 전월 종가 − 1. 첫 행은 전월 자료가 없으므로 비워 둡니다.
C12: ■ 실습표 : 최근 5년(60개월) 월별 자료
C13: 연월 | D13: 대상기업 종가(원) | E13: 비교기업 종가(원) | F13: KOSPI | G13: 대상 월수익률 | H13: 비교 월수익률 | I13: KOSPI 월수익률 | J13: 대상 지수(100) | K13: 비교 지수(100) | L13: KOSPI 지수(100) | N13: ↑ 회색 아닌 흰 칸(월수익률·지수)은 비어 있습니다. 첫 3행의 수식을 확인한 뒤 60행까지 복사해 채우세요.
C14: 2021-01 | G14: - | H14: - | I14: - | J14: 100 | K14: 100 | L14: 100 | N14: 주가: DataGuide 일별종가 중 각 월 마지막 거래일 종가 사용 가능
C15: 2021-02 | G15: =IFERROR(D15/D14-1,"") | H15: =IFERROR(E15/E14-1,"") | I15: =IFERROR(F15/F14-1,"") | J15: =IFERROR(J14*(1+G15),"") | K15: =IFERROR(K14*(1+H15),"") | L15: =IFERROR(L14*(1+I15),"") | N15: 지수(100) = 전월 지수 × (1 + 당월 수익률). 시작 시점을 100으로 맞춰야 세 계열을 같은 출발선에서 비교할 수 있습니다.
C16: 2021-03 | G16: =IFERROR(D16/D15-1,"") | H16: =IFERROR(E16/E15-1,"") | I16: =IFERROR(F16/F15-1,"") | J16: =IFERROR(J15*(1+G16),"") | K16: =IFERROR(K15*(1+H16),"") | L16: =IFERROR(L15*(1+I16),"")
C17: 2021-04 | G17: =IFERROR(D17/D16-1,"") | H17: =IFERROR(E17/E16-1,"") | I17: =IFERROR(F17/F16-1,"") | J17: =IFERROR(J16*(1+G17),"") | K17: =IFERROR(K16*(1+H17),"") | L17: =IFERROR(L16*(1+I17),"")
C18: 2021-05 | G18: =IFERROR(D18/D17-1,"") | H18: =IFERROR(E18/E17-1,"") | I18: =IFERROR(F18/F17-1,"") | J18: =IFERROR(J17*(1+G18),"") | K18: =IFERROR(K17*(1+H18),"") | L18: =IFERROR(L17*(1+I18),"")
C19: 2021-06 | G19: =IFERROR(D19/D18-1,"") | H19: =IFERROR(E19/E18-1,"") | I19: =IFERROR(F19/F18-1,"") | J19: =IFERROR(J18*(1+G19),"") | K19: =IFERROR(K18*(1+H19),"") | L19: =IFERROR(L18*(1+I19),"")
C20: 2021-07 | G20: =IFERROR(D20/D19-1,"") | H20: =IFERROR(E20/E19-1,"") | I20: =IFERROR(F20/F19-1,"") | J20: =IFERROR(J19*(1+G20),"") | K20: =IFERROR(K19*(1+H20),"") | L20: =IFERROR(L19*(1+I20),"")
C21: 2021-08 | G21: =IFERROR(D21/D20-1,"") | H21: =IFERROR(E21/E20-1,"") | I21: =IFERROR(F21/F20-1,"") | J21: =IFERROR(J20*(1+G21),"") | K21: =IFERROR(K20*(1+H21),"") | L21: =IFERROR(L20*(1+I21),"")
C22: 2021-09 | G22: =IFERROR(D22/D21-1,"") | H22: =IFERROR(E22/E21-1,"") | I22: =IFERROR(F22/F21-1,"") | J22: =IFERROR(J21*(1+G22),"") | K22: =IFERROR(K21*(1+H22),"") | L22: =IFERROR(L21*(1+I22),"")
C23: 2021-10 | G23: =IFERROR(D23/D22-1,"") | H23: =IFERROR(E23/E22-1,"") | I23: =IFERROR(F23/F22-1,"") | J23: =IFERROR(J22*(1+G23),"") | K23: =IFERROR(K22*(1+H23),"") | L23: =IFERROR(L22*(1+I23),"")
C24: 2021-11 | G24: =IFERROR(D24/D23-1,"") | H24: =IFERROR(E24/E23-1,"") | I24: =IFERROR(F24/F23-1,"") | J24: =IFERROR(J23*(1+G24),"") | K24: =IFERROR(K23*(1+H24),"") | L24: =IFERROR(L23*(1+I24),"")
C25: 2021-12 | G25: =IFERROR(D25/D24-1,"") | H25: =IFERROR(E25/E24-1,"") | I25: =IFERROR(F25/F24-1,"") | J25: =IFERROR(J24*(1+G25),"") | K25: =IFERROR(K24*(1+H25),"") | L25: =IFERROR(L24*(1+I25),"")
C26: 2022-01 | G26: =IFERROR(D26/D25-1,"") | H26: =IFERROR(E26/E25-1,"") | I26: =IFERROR(F26/F25-1,"") | J26: =IFERROR(J25*(1+G26),"") | K26: =IFERROR(K25*(1+H26),"") | L26: =IFERROR(L25*(1+I26),"")
C27: 2022-02 | G27: =IFERROR(D27/D26-1,"") | H27: =IFERROR(E27/E26-1,"") | I27: =IFERROR(F27/F26-1,"") | J27: =IFERROR(J26*(1+G27),"") | K27: =IFERROR(K26*(1+H27),"") | L27: =IFERROR(L26*(1+I27),"")
... C33: 2022-08 | G33: =IFERROR(D33/D32-1,"") | H33: =IFERROR(E33/E32-1,"") | I33: =IFERROR(F33/F32-1,"") | J33: =IFERROR(J32*(1+G33),"") | K33: =IFERROR(K32*(1+H33),"") | L33: =IFERROR(L32*(1+I33),"")
C34: 2022-09 | G34: =IFERROR(D34/D33-1,"") | H34: =IFERROR(E34/E33-1,"") | I34: =IFERROR(F34/F33-1,"") | J34: =IFERROR(J33*(1+G34),"") | K34: =IFERROR(K33*(1+H34),"") | L34: =IFERROR(L33*(1+I34),"") | N34: 해석 (5줄 내외) : 대상기업 주가는 시장 대비 어떠했는가? 그 원인은?
C35: 2022-10 | G35: =IFERROR(D35/D34-1,"") | H35: =IFERROR(E35/E34-1,"") | I35: =IFERROR(F35/F34-1,"") | J35: =IFERROR(J34*(1+G35),"") | K35: =IFERROR(K34*(1+H35),"") | L35: =IFERROR(L34*(1+I35),"")
C36: 2022-11 | G36: =IFERROR(D36/D35-1,"") | H36: =IFERROR(E36/E35-1,"") | I36: =IFERROR(F36/F35-1,"") | J36: =IFERROR(J35*(1+G36),"") | K36: =IFERROR(K35*(1+H36),"") | L36: =IFERROR(L35*(1+I36),"")
C37: 2022-12 | G37: =IFERROR(D37/D36-1,"") | H37: =IFERROR(E37/E36-1,"") | I37: =IFERROR(F37/F36-1,"") | J37: =IFERROR(J36*(1+G37),"") | K37: =IFERROR(K36*(1+H37),"") | L37: =IFERROR(L36*(1+I37),"")
C38: 2023-01 | G38: =IFERROR(D38/D37-1,"") | H38: =IFERROR(E38/E37-1,"") | I38: =IFERROR(F38/F37-1,"") | J38: =IFERROR(J37*(1+G38),"") | K38: =IFERROR(K37*(1+H38),"") | L38: =IFERROR(L37*(1+I38),"")
C39: 2023-02 | G39: =IFERROR(D39/D38-1,"") | H39: =IFERROR(E39/E38-1,"") | I39: =IFERROR(F39/F38-1,"") | J39: =IFERROR(J38*(1+G39),"") | K39: =IFERROR(K38*(1+H39),"") | L39: =IFERROR(L38*(1+I39),"")
C40: 2023-03 | G40: =IFERROR(D40/D39-1,"") | H40: =IFERROR(E40/E39-1,"") | I40: =IFERROR(F40/F39-1,"") | J40: =IFERROR(J39*(1+G40),"") | K40: =IFERROR(K39*(1+H40),"") | L40: =IFERROR(L39*(1+I40),"")
C41: 2023-04 | G41: =IFERROR(D41/D40-1,"") | H41: =IFERROR(E41/E40-1,"") | I41: =IFERROR(F41/F40-1,"") | J41: =IFERROR(J40*(1+G41),"") | K41: =IFERROR(K40*(1+H41),"") | L41: =IFERROR(L40*(1+I41),"")
C42: 2023-05 | G42: =IFERROR(D42/D41-1,"") | H42: =IFERROR(E42/E41-1,"") | I42: =IFERROR(F42/F41-1,"") | J42: =IFERROR(J41*(1+G42),"") | K42: =IFERROR(K41*(1+H42),"") | L42: =IFERROR(L41*(1+I42),"")
C43: 2023-06 | G43: =IFERROR(D43/D42-1,"") | H43: =IFERROR(E43/E42-1,"") | I43: =IFERROR(F43/F42-1,"") | J43: =IFERROR(J42*(1+G43),"") | K43: =IFERROR(K42*(1+H43),"") | L43: =IFERROR(L42*(1+I43),"")
C44: 2023-07 | G44: =IFERROR(D44/D43-1,"") | H44: =IFERROR(E44/E43-1,"") | I44: =IFERROR(F44/F43-1,"") | J44: =IFERROR(J43*(1+G44),"") | K44: =IFERROR(K43*(1+H44),"") | L44: =IFERROR(L43*(1+I44),"")
C45: 2023-08 | G45: =IFERROR(D45/D44-1,"") | H45: =IFERROR(E45/E44-1,"") | I45: =IFERROR(F45/F44-1,"") | J45: =IFERROR(J44*(1+G45),"") | K45: =IFERROR(K44*(1+H45),"") | L45: =IFERROR(L44*(1+I45),"")
C46: 2023-09 | G46: =IFERROR(D46/D45-1,"") | H46: =IFERROR(E46/E45-1,"") | I46: =IFERROR(F46/F45-1,"") | J46: =IFERROR(J45*(1+G46),"") | K46: =IFERROR(K45*(1+H46),"") | L46: =IFERROR(L45*(1+I46),"")
... C73: 2025-12 | G73: =IFERROR(D73/D72-1,"") | H73: =IFERROR(E73/E72-1,"") | I73: =IFERROR(F73/F72-1,"") | J73: =IFERROR(J72*(1+G73),"") | K73: =IFERROR(K72*(1+H73),"") | L73: =IFERROR(L72*(1+I73),"")

Sheet 1-4_보고서비교
B1: [과제 ⑤] 증권사 애널리스트 보고서 vs 신용평가기관 보고서
B2: 한국신용평가 www.kisrating.com · 증권사 리포트는 각 사 홈페이지 또는 네이버 증권 리서치
C4: 비교 항목 | D4: 증권사 애널리스트 보고서 | E4: 신용평가기관 보고서
C5: 보고서 제목 · 발행기관 · 발행일
C6: 주된 이용자 (누구를 위해 쓰였는가)
C7: 분석의 초점 (수익성 / 상환능력)
C8: 결론의 형태 (투자의견·목표주가 / 신용등급)
C9: 예측 기간
C10: 중점적으로 본 재무지표
C11: 비재무정보 활용 정도
C12: 낙관/보수 정도에 대한 인상
C15: 왜 두 보고서의 결론이 다른가? (10줄 내외)

Sheet 1-5_애널리스트보고서
B1: 애널리스트 보고서 첨부 · 요약
B2: PDF 원문을 이 시트에 개체 삽입하거나 핵심 표(실적 추정·목표주가·P/B 밴드)를 옮겨 적으세요.

Sheet 1-6_신용평가보고서
B1: 신용평가 보고서 첨부 · 요약
B2: PDF 원문을 개체 삽입하거나 주요 재무지표·등급논리를 옮겨 적으세요.

Sheet 2-0_왜_이_실습인가
B1: 왜 이 실습을 하는가 — 실습이 11장 가치평가로 이어지는 길 (강의노트 슬라이드 참조)
B2: 가치평가 모형은 11장에서 배우지만, 지금 하는 재무상태표 분석이 그 모형의 "출발점"이 됩니다. 각 시트가 이후 어느 장의 무엇에 쓰이는지 미리 보여줍니다. [Chxx 슬라이드 n] 표기는 해당 장 강의노트의 슬라이드 번호입니다.
C4: ■ 이 과목의 한 줄 공식
C5: 가치 V₀ = Σ CFₜ ÷ (1 + r)ᵗ — 2장에서 처음 등장[Ch02 슬라이드 8]하고, 7장이 분모 r(할인율)을, 10장이 분자 CF(예측)를 만들며, 11장에서 둘을 결합합니다[Ch11 슬라이드 21]. 재무상태표는 이 공식의 출발점입니다: "재무상태표를 보고 가치를 평가하는 것은 기업가치평가의 출발점"[Ch02 슬라이드 7].
C7: ■ 시트별 로드맵: 지금 하는 일 → 나중에 쓰이는 곳 → 실무에서는
C8: 시트 | D8: 작업 | E8: 나중에 어디에 쓰이는가 (장·슬라이드) | F8: 가치평가에서의 역할 | G8: 실무적 적용
C9: 1-1 기업선정 1-2 기업개요비교 | D9: 대상·비교기업을 고르고 사업·지배구조·감사인을 정리한다. | E9: 3장 횡단면분석의 전제 "동종업계·유사 규모"[Ch03 슬라이드 18] · 5장 산업평균 비교의 함정(공상은행)[Ch05 슬라이드 15] · 11장 상대가치의 비교기업 선정 기준(자산·매출 규모, 산업, 부채비율, 발전단계)[Ch11 슬라이드 15 노트] | F9: 비교기업이 부적절하면 이후 모든 횡단면 비교(ROE 격차, PBR 배수)가 회계 차이인지 사업 차이인지 구분할 수 없다. | G9: "1장에서 고른 비교기업이 지금도 적절한가"를 매 장마다 다시 묻는다[Ch03 슬라이드 18]. 규모가 크게 다르면 peer를 좁히거나 중위값을 쓴다[Ch05 슬라이드].
C10: 1-3 주가추이(월별) | D10: 60개월 월말 종가·KOSPI로 수익률과 지수를 만든다. | E10: 7장 베타 추정: 대상 기업과 시장지수의 월별/일별 주식 수익률을 이용하여 β를 구한다[Ch07 슬라이드 10] → CAPM 자기자본비용[Ch07 슬라이드 9] → 11장 RIM·DDM의 할인율[Ch11 슬라이드 5] | F10: 할인율 r의 원천. 미래에셋 보고서의 12M 베타 1.60은 이 방식으로 구한 값이다. | G10: 월별 60개월·KOSPI 기준으로 통일하고 R²를 확인한다. 실무에서는 베타가 장기적으로 1로 회귀한다는 실증에 근거하여 조정베타(0.67×β+0.33)를 쓰기도 한다- 블룸버그 조정베타 [Ch07 슬라이드 10].
C11: 1-4 보고서비교 1-5·1-6 첨부 | D11: 애널리스트 보고서와 신용평가 보고서를 대조한다. | E11: 7장 "재무제표로 보는 위험 — 관점이 다르다": 주가 변동성(주주) vs 파산 가능성(채권자)[Ch07 슬라이드 13] · 11장 가치평가 결과를 투자의견으로[Ch11 슬라이드 16] | F11: 같은 재무제표를 주주 관점(PBR·초과이익)과 채권자 관점(순차입금·이자보상)으로 읽는 연습. 2-3·2-4의 PBR 분석은 주주 관점이다. | G11: 보고서의 P/B·ROE가 후행(trailing)인지, 12개월 선행(forward, 12MF)인지, 시가총액이 유통주식수 기준인지 확인한다[Ch03 슬라이드 19].
C12: 2-1 재무상태표 | D12: 6개년 재무상태표 입력, 공통형 분석, 증감율(분석적 검토). | E12: 공통형·시계열·횡단면[Ch02 슬라이드 20~22, Ch03 슬라이드 18] · 6장 ROE 분해의 분모(평균총자산·평균자기자본)와 회전율[Ch06 슬라이드 12, 17] · 7장 부채비율·유동비율[Ch07 슬라이드 14] · 10장 추정 재무상태표는 이 시트의 항목 비중과 회전율로 만든다[Ch10 슬라이드 12~13] · 11장 RIM의 Equity₀[Ch11 슬라이드 12] | F12: 가치평가의 출발점(장부가치)이자 미래 재무상태표의 뼈대. 10장에서는 이 표를 "거꾸로" 만든다(회전율 → 자산). | G12: 계정 정의를 자료마다 확인한다(리스부채 포함 여부, 단기금융자산 범위). 자산 = 부채 + 자본 검증행은 10장 추정 재무제표에서도 그대로 쓴다[Ch10 슬라이드 14].
C13: 2-2 공통형 해석 | D13: 재무상태표에 없는 자산·부채(잠재적 자산·부채)와 구조 변화를 서술한다. | E13: 잠재적 자산·저평가 자산[Ch02 슬라이드 13~15] · 잠재적 부채와 은닉 유인[Ch02 슬라이드 17~18] · 8장 보수주의와 이익적립금(R&D·광고비)[Ch08 슬라이드 10~12] · 11장 RIM의 약점: "장부금액이 왜곡된 기업은 출발점이 부정확"[Ch11 슬라이드 13] | F13: 후반부(7~11장) 파일의 초과이익모형에서 장부금액을 조정할 때 넣을 금액의 근거가 된다. | G13: 실무의 M&A 실사에서 잠재적 부채와 비영업자산은 '순부채·부채성 항목'과 '비영업자산' 목록으로 반영된다. 잠재적 자산(계약·기술·브랜드)은 별도로 더하지 않고 EV 산정(배수·FCF 예측)에 반영하며, 거래 후 식별가능한 무형자산으로 배분된다.
C14: 2-3 PBR 비교 | D14: 결산일 종가·유통주식수·지배기업 소유주지분으로 6개년 PBR과 ROE. | E14: PBR의 정의와 1보다 큰 이유[Ch02 슬라이드 23] · 저PBR 초과수익과 그 해석(위험 vs 과잉반응)[Ch02 슬라이드 24] · PBR = PER × ROE[Ch03 슬라이드 19] · ROE 정의(평균자기자본)[Ch06 슬라이드 11] · 코리아 디스카운트와 낮은 ROE[Ch06 슬라이드 20] · 11장 주당 자기자본 → RIM·PBR[Ch11 슬라이드 5] | F14: PBR은 2장 전체의 내용을 반영하는 숫자: "분자는 시장이 본 가치, 분모는 회계가 적은 가치"[Ch02 슬라이드 23]. | G14: 분자(시가총액)와 분모(장부가치)의 귀속 주체를 맞춘다: 지배지분 ↔ 유통주식수(자기주식 제외). 12월 말과 익년 3월 말 두 시점으로 계산해 공시 전후를 비교한다[Ch02 슬라이드 23 노트].

Sheet 2-1_재무상태표
B1: [과제 ①] 재무상태표 입력 및 공통형(common-size) 분석
B2: 단위: 백만원 · 연결재무제표 기준 · 대상기업을 앞에, 비교기업을 뒤에 입력합니다. 공통형 분석은 데이터의 오른쪽에 작성합니다.
D4: 대상기업 (금액, 백만원) | K4: 비교기업 (금액, 백만원) | R4: 공통형 분석 — 대상기업 (자산총계 = 100%) | Y4: 공통형 분석 — 비교기업 (자산총계 = 100%) | AF4: 분석적 검토 — 대상기업 (전기 대비 증감율) | AL4: 분석적 검토 — 비교기업 (전기 대비 증감율) | AR4: 공통형 분석 열은 전 행에 수식이 채워져 있습니다(자산총계 = 100%).
C5: 계정과목 | D5: 2020 | E5: 2021 | F5: 2022 | G5: 2023 | H5: 2024 | I5: 2025 | K5: 2020 | L5: 2021 | M5: 2022 | N5: 2023 | O5: 2024 | P5: 2025 | R5: 2020 | S5: 2021 | T5: 2022 | U5: 2023 | V5: 2024 | W5: 2025 | Y5: 2020 | Z5: 2021 | AA5: 2022 | AB5: 2023 | AC5: 2024 | AD5: 2025 | AF5: 2020→2021 | AG5: 2021→2022 | AH5: 2022→2023 | AI5: 2023→2024 | AJ5: 2024→2025 | AL5: 2020→2021 | AM5: 2021→2022 | AN5: 2022→2023 | AO5: 2023→2024 | AP5: 2024→2025
C6: < 유동자산 > | AR6: 자산총계 행 참조가 $로 고정되어 있으므로, 그 한 칸을 복사해 공통형 영역 전체에 붙여넣으면 됩니다.
C7: 현금및현금성자산 | R7: =IFERROR(D7/D$31,"") | S7: =IFERROR(E7/E$31,"") | T7: =IFERROR(F7/F$31,"") | U7: =IFERROR(G7/G$31,"") | V7: =IFERROR(H7/H$31,"") | W7: =IFERROR(I7/I$31,"") | Y7: =IFERROR(K7/K$31,"") | Z7: =IFERROR(L7/L$31,"") | AA7: =IFERROR(M7/M$31,"") | AB7: =IFERROR(N7/N$31,"") | AC7: =IFERROR(O7/O$31,"") | AD7: =IFERROR(P7/P$31,"") | AF7: =IF(OR(D7="",D7=0),"",IFERROR(E7/D7-1,"")) | AG7: =IF(OR(E7="",E7=0),"",IFERROR(F7/E7-1,"")) | AH7: =IF(OR(F7="",F7=0),"",IFERROR(G7/F7-1,"")) | AI7: =IF(OR(G7="",G7=0),"",IFERROR(H7/G7-1,"")) | AJ7: =IF(OR(H7="",H7=0),"",IFERROR(I7/H7-1,"")) | AL7: =IF(OR(K7="",K7=0),"",IFERROR(L7/K7-1,"")) | AM7: =IF(OR(L7="",L7=0),"",IFERROR(M7/L7-1,"")) | AN7: =IF(OR(M7="",M7=0),"",IFERROR(N7/M7-1,"")) | AO7: =IF(OR(N7="",N7=0),"",IFERROR(O7/N7-1,"")) | AP7: =IF(OR(O7="",O7=0),"",IFERROR(P7/O7-1,""))
C8: 단기금융상품 | R8: =IFERROR(D8/D$31,"") | S8: =IFERROR(E8/E$31,"") | T8: =IFERROR(F8/F$31,"") | U8: =IFERROR(G8/G$31,"") | V8: =IFERROR(H8/H$31,"") | W8: =IFERROR(I8/I$31,"") | Y8: =IFERROR(K8/K$31,"") | Z8: =IFERROR(L8/L$31,"") | AA8: =IFERROR(M8/M$31,"") | AB8: =IFERROR(N8/N$31,"") | AC8: =IFERROR(O8/O$31,"") | AD8: =IFERROR(P8/P$31,"") | AF8: =IF(OR(D8="",D8=0),"",IFERROR(E8/D8-1,"")) | AG8: =IF(OR(E8="",E8=0),"",IFERROR(F8/E8-1,"")) | AH8: =IF(OR(F8="",F8=0),"",IFERROR(G8/F8-1,"")) | AI8: =IF(OR(G8="",G8=0),"",IFERROR(H8/G8-1,"")) | AJ8: =IF(OR(H8="",H8=0),"",IFERROR(I8/H8-1,"")) | AL8: =IF(OR(K8="",K8=0),"",IFERROR(L8/K8-1,"")) | AM8: =IF(OR(L8="",L8=0),"",IFERROR(M8/L8-1,"")) | AN8: =IF(OR(M8="",M8=0),"",IFERROR(N8/M8-1,"")) | AO8: =IF(OR(N8="",N8=0),"",IFERROR(O8/N8-1,"")) | AP8: =IF(OR(O8="",O8=0),"",IFERROR(P8/O8-1,"")) | AR8: 공통형 분석의 분모는 언제나 '자산총계'입니다. 부채·자본 항목도 자본총계가 아니라 자산총계로 나눕니다.
C9: 유동 당기손익인식금융자산 | R9: =IFERROR(D9/D$31,"") | S9: =IFERROR(E9/E$31,"") | T9: =IFERROR(F9/F$31,"") | U9: =IFERROR(G9/G$31,"") | V9: =IFERROR(H9/H$31,"") | W9: =IFERROR(I9/I$31,"") | Y9: =IFERROR(K9/K$31,"") | Z9: =IFERROR(L9/L$31,"") | AA9: =IFERROR(M9/M$31,"") | AB9: =IFERROR(N9/N$31,"") | AC9: =IFERROR(O9/O$31,"") | AD9: =IFERROR(P9/P$31,"") | AF9: =IF(OR(D9="",D9=0),"",IFERROR(E9/D9-1,"")) | AG9: =IF(OR(E9="",E9=0),"",IFERROR(F9/E9-1,"")) | AH9: =IF(OR(F9="",F9=0),"",IFERROR(G9/F9-1,"")) | AI9: =IF(OR(G9="",G9=0),"",IFERROR(H9/G9-1,"")) | AJ9: =IF(OR(H9="",H9=0),"",IFERROR(I9/H9-1,"")) | AL9: =IF(OR(K9="",K9=0),"",IFERROR(L9/K9-1,"")) | AM9: =IF(OR(L9="",L9=0),"",IFERROR(M9/L9-1,"")) | AN9: =IF(OR(M9="",M9=0),"",IFERROR(N9/M9-1,"")) | AO9: =IF(OR(N9="",N9=0),"",IFERROR(O9/N9-1,"")) | AP9: =IF(OR(O9="",O9=0),"",IFERROR(P9/O9-1,""))
C10: 유동 기타포괄손익인식금융자산 | R10: =IFERROR(D10/D$31,"") | S10: =IFERROR(E10/E$31,"") | T10: =IFERROR(F10/F$31,"") | U10: =IFERROR(G10/G$31,"") | V10: =IFERROR(H10/H$31,"") | W10: =IFERROR(I10/I$31,"") | Y10: =IFERROR(K10/K$31,"") | Z10: =IFERROR(L10/L$31,"") | AA10: =IFERROR(M10/M$31,"") | AB10: =IFERROR(N10/N$31,"") | AC10: =IFERROR(O10/O$31,"") | AD10: =IFERROR(P10/P$31,"") | AF10: =IF(OR(D10="",D10=0),"",IFERROR(E10/D10-1,"")) | AG10: =IF(OR(E10="",E10=0),"",IFERROR(F10/E10-1,"")) | AH10: =IF(OR(F10="",F10=0),"",IFERROR(G10/F10-1,"")) | AI10: =IF(OR(G10="",G10=0),"",IFERROR(H10/G10-1,"")) | AJ10: =IF(OR(H10="",H10=0),"",IFERROR(I10/H10-1,"")) | AL10: =IF(OR(K10="",K10=0),"",IFERROR(L10/K10-1,"")) | AM10: =IF(OR(L10="",L10=0),"",IFERROR(M10/L10-1,"")) | AN10: =IF(OR(M10="",M10=0),"",IFERROR(N10/M10-1,"")) | AO10: =IF(OR(N10="",N10=0),"",IFERROR(O10/N10-1,"")) | AP10: =IF(OR(O10="",O10=0),"",IFERROR(P10/O10-1,"")) | AR10: 입력 칸(노란색)은 6개년 모두 채워야 합니다. 해당 항목이 없는 회사면 0을 입력하세요. 빈칸이면 소계가 어긋납니다.
C11: 매출채권 및 기타유동채권 | R11: =IFERROR(D11/D$31,"") | S11: =IFERROR(E11/E$31,"") | T11: =IFERROR(F11/F$31,"") | U11: =IFERROR(G11/G$31,"") | V11: =IFERROR(H11/H$31,"") | W11: =IFERROR(I11/I$31,"") | Y11: =IFERROR(K11/K$31,"") | Z11: =IFERROR(L11/L$31,"") | AA11: =IFERROR(M11/M$31,"") | AB11: =IFERROR(N11/N$31,"") | AC11: =IFERROR(O11/O$31,"") | AD11: =IFERROR(P11/P$31,"") | AF11: =IF(OR(D11="",D11=0),"",IFERROR(E11/D11-1,"")) | AG11: =IF(OR(E11="",E11=0),"",IFERROR(F11/E11-1,"")) | AH11: =IF(OR(F11="",F11=0),"",IFERROR(G11/F11-1,"")) | AI11: =IF(OR(G11="",G11=0),"",IFERROR(H11/G11-1,"")) | AJ11: =IF(OR(H11="",H11=0),"",IFERROR(I11/H11-1,"")) | AL11: =IF(OR(K11="",K11=0),"",IFERROR(L11/K11-1,"")) | AM11: =IF(OR(L11="",L11=0),"",IFERROR(M11/L11-1,"")) | AN11: =IF(OR(M11="",M11=0),"",IFERROR(N11/M11-1,"")) | AO11: =IF(OR(N11="",N11=0),"",IFERROR(O11/N11-1,"")) | AP11: =IF(OR(O11="",O11=0),"",IFERROR(P11/O11-1,""))
C12: 재고자산 | R12: =IFERROR(D12/D$31,"") | S12: =IFERROR(E12/E$31,"") | T12: =IFERROR(F12/F$31,"") | U12: =IFERROR(G12/G$31,"") | V12: =IFERROR(H12/H$31,"") | W12: =IFERROR(I12/I$31,"") | Y12: =IFERROR(K12/K$31,"") | Z12: =IFERROR(L12/L$31,"") | AA12: =IFERROR(M12/M$31,"") | AB12: =IFERROR(N12/N$31,"") | AC12: =IFERROR(O12/O$31,"") | AD12: =IFERROR(P12/P$31,"") | AF12: =IF(OR(D12="",D12=0),"",IFERROR(E12/D12-1,"")) | AG12: =IF(OR(E12="",E12=0),"",IFERROR(F12/E12-1,"")) | AH12: =IF(OR(F12="",F12=0),"",IFERROR(G12/F12-1,"")) | AI12: =IF(OR(G12="",G12=0),"",IFERROR(H12/G12-1,"")) | AJ12: =IF(OR(H12="",H12=0),"",IFERROR(I12/H12-1,"")) | AL12: =IF(OR(K12="",K12=0),"",IFERROR(L12/K12-1,"")) | AM12: =IF(OR(L12="",L12=0),"",IFERROR(M12/L12-1,"")) | AN12: =IF(OR(M12="",M12=0),"",IFERROR(N12/M12-1,"")) | AO12: =IF(OR(N12="",N12=0),"",IFERROR(O12/N12-1,"")) | AP12: =IF(OR(O12="",O12=0),"",IFERROR(P12/O12-1,"")) | AR12: 분석적 검토는 전기 대비 증감율입니다. 매출·사업 규모의 변화에 견주어 특정 계정만 튀는지 확인하세요.
C13: 유동 파생상품 금융자산 | R13: =IFERROR(D13/D$31,"") | S13: =IFERROR(E13/E$31,"") | T13: =IFERROR(F13/F$31,"") | U13: =IFERROR(G13/G$31,"") | V13: =IFERROR(H13/H$31,"") | W13: =IFERROR(I13/I$31,"") | Y13: =IFERROR(K13/K$31,"") | Z13: =IFERROR(L13/L$31,"") | AA13: =IFERROR(M13/M$31,"") | AB13: =IFERROR(N13/N$31,"") | AC13: =IFERROR(O13/O$31,"") | AD13: =IFERROR(P13/P$31,"") | AF13: =IF(OR(D13="",D13=0),"",IFERROR(E13/D13-1,"")) | AG13: =IF(OR(E13="",E13=0),"",IFERROR(F13/E13-1,"")) | AH13: =IF(OR(F13="",F13=0),"",IFERROR(G13/F13-1,"")) | AI13: =IF(OR(G13="",G13=0),"",IFERROR(H13/G13-1,"")) | AJ13: =IF(OR(H13="",H13=0),"",IFERROR(I13/H13-1,"")) | AL13: =IF(OR(K13="",K13=0),"",IFERROR(L13/K13-1,"")) | AM13: =IF(OR(L13="",L13=0),"",IFERROR(M13/L13-1,"")) | AN13: =IF(OR(M13="",M13=0),"",IFERROR(N13/M13-1,"")) | AO13: =IF(OR(N13="",N13=0),"",IFERROR(O13/N13-1,"")) | AP13: =IF(OR(O13="",O13=0),"",IFERROR(P13/O13-1,""))
C14: 기타유동자산 | R14: =IFERROR(D14/D$31,"") | S14: =IFERROR(E14/E$31,"") | T14: =IFERROR(F14/F$31,"") | U14: =IFERROR(G14/G$31,"") | V14: =IFERROR(H14/H$31,"") | W14: =IFERROR(I14/I$31,"") | Y14: =IFERROR(K14/K$31,"") | Z14: =IFERROR(L14/L$31,"") | AA14: =IFERROR(M14/M$31,"") | AB14: =IFERROR(N14/N$31,"") | AC14: =IFERROR(O14/O$31,"") | AD14: =IFERROR(P14/P$31,"") | AF14: =IF(OR(D14="",D14=0),"",IFERROR(E14/D14-1,"")) | AG14: =IF(OR(E14="",E14=0),"",IFERROR(F14/E14-1,"")) | AH14: =IF(OR(F14="",F14=0),"",IFERROR(G14/F14-1,"")) | AI14: =IF(OR(G14="",G14=0),"",IFERROR(H14/G14-1,"")) | AJ14: =IF(OR(H14="",H14=0),"",IFERROR(I14/H14-1,"")) | AL14: =IF(OR(K14="",K14=0),"",IFERROR(L14/K14-1,"")) | AM14: =IF(OR(L14="",L14=0),"",IFERROR(M14/L14-1,"")) | AN14: =IF(OR(M14="",M14=0),"",IFERROR(N14/M14-1,"")) | AO14: =IF(OR(N14="",N14=0),"",IFERROR(O14/N14-1,"")) | AP14: =IF(OR(O14="",O14=0),"",IFERROR(P14/O14-1,""))
C15: 당기법인세자산 | R15: =IFERROR(D15/D$31,"") | S15: =IFERROR(E15/E$31,"") | T15: =IFERROR(F15/F$31,"") | U15: =IFERROR(G15/G$31,"") | V15: =IFERROR(H15/H$31,"") | W15: =IFERROR(I15/I$31,"") | Y15: =IFERROR(K15/K$31,"") | Z15: =IFERROR(L15/L$31,"") | AA15: =IFERROR(M15/M$31,"") | AB15: =IFERROR(N15/N$31,"") | AC15: =IFERROR(O15/O$31,"") | AD15: =IFERROR(P15/P$31,"") | AF15: =IF(OR(D15="",D15=0),"",IFERROR(E15/D15-1,"")) | AG15: =IF(OR(E15="",E15=0),"",IFERROR(F15/E15-1,"")) | AH15: =IF(OR(F15="",F15=0),"",IFERROR(G15/F15-1,"")) | AI15: =IF(OR(G15="",G15=0),"",IFERROR(H15/G15-1,"")) | AJ15: =IF(OR(H15="",H15=0),"",IFERROR(I15/H15-1,"")) | AL15: =IF(OR(K15="",K15=0),"",IFERROR(L15/K15-1,"")) | AM15: =IF(OR(L15="",L15=0),"",IFERROR(M15/L15-1,"")) | AN15: =IF(OR(M15="",M15=0),"",IFERROR(N15/M15-1,"")) | AO15: =IF(OR(N15="",N15=0),"",IFERROR(O15/N15-1,"")) | AP15: =IF(OR(O15="",O15=0),"",IFERROR(P15/O15-1,""))
C16: 유동자산 계 | D16: =SUM(D7:D15) -> 0 | E16: =SUM(E7:E15) -> 0 | F16: =SUM(F7:F15) -> 0 | G16: =SUM(G7:G15) -> 0 | H16: =SUM(H7:H15) -> 0 | I16: =SUM(I7:I15) -> 0 | K16: =SUM(K7:K15) -> 0 | L16: =SUM(L7:L15) -> 0 | M16: =SUM(M7:M15) -> 0 | N16: =SUM(N7:N15) -> 0 | O16: =SUM(O7:O15) -> 0 | P16: =SUM(P7:P15) -> 0 | AR16: 대상기업과 비교기업이 같은 방향으로 움직였다면 산업·시장 요인, 대상기업만 움직였다면 기업 고유 요인일 가능성이 큽니다.
C17: < 비유동자산 >
C18: 장기금융상품 | R18: =IFERROR(D18/D$31,"") | S18: =IFERROR(E18/E$31,"") | T18: =IFERROR(F18/F$31,"") | U18: =IFERROR(G18/G$31,"") | V18: =IFERROR(H18/H$31,"") | W18: =IFERROR(I18/I$31,"") | Y18: =IFERROR(K18/K$31,"") | Z18: =IFERROR(L18/L$31,"") | AA18: =IFERROR(M18/M$31,"") | AB18: =IFERROR(N18/N$31,"") | AC18: =IFERROR(O18/O$31,"") | AD18: =IFERROR(P18/P$31,"") | AF18: =IF(OR(D18="",D18=0),"",IFERROR(E18/D18-1,"")) | AG18: =IF(OR(E18="",E18=0),"",IFERROR(F18/E18-1,"")) | AH18: =IF(OR(F18="",F18=0),"",IFERROR(G18/F18-1,"")) | AI18: =IF(OR(G18="",G18=0),"",IFERROR(H18/G18-1,"")) | AJ18: =IF(OR(H18="",H18=0),"",IFERROR(I18/H18-1,"")) | AL18: =IF(OR(K18="",K18=0),"",IFERROR(L18/K18-1,"")) | AM18: =IF(OR(L18="",L18=0),"",IFERROR(M18/L18-1,"")) | AN18: =IF(OR(M18="",M18=0),"",IFERROR(N18/M18-1,"")) | AO18: =IF(OR(N18="",N18=0),"",IFERROR(O18/N18-1,"")) | AP18: =IF(OR(O18="",O18=0),"",IFERROR(P18/O18-1,"")) | AR18: 전기 값이 0이거나 비어 있으면 증감율을 계산하지 않고 공란으로 둡니다. 기타자본항목처럼 전기 값이 음수인 계정은 부호가 직관과 반대로 나오니 주의하세요.
C19: 비유동 당기손익인식금융자산 | R19: =IFERROR(D19/D$31,"") | S19: =IFERROR(E19/E$31,"") | T19: =IFERROR(F19/F$31,"") | U19: =IFERROR(G19/G$31,"") | V19: =IFERROR(H19/H$31,"") | W19: =IFERROR(I19/I$31,"") | Y19: =IFERROR(K19/K$31,"") | Z19: =IFERROR(L19/L$31,"") | AA19: =IFERROR(M19/M$31,"") | AB19: =IFERROR(N19/N$31,"") | AC19: =IFERROR(O19/O$31,"") | AD19: =IFERROR(P19/P$31,"") | AF19: =IF(OR(D19="",D19=0),"",IFERROR(E19/D19-1,"")) | AG19: =IF(OR(E19="",E19=0),"",IFERROR(F19/E19-1,"")) | AH19: =IF(OR(F19="",F19=0),"",IFERROR(G19/F19-1,"")) | AI19: =IF(OR(G19="",G19=0),"",IFERROR(H19/G19-1,"")) | AJ19: =IF(OR(H19="",H19=0),"",IFERROR(I19/H19-1,"")) | AL19: =IF(OR(K19="",K19=0),"",IFERROR(L19/K19-1,"")) | AM19: =IF(OR(L19="",L19=0),"",IFERROR(M19/L19-1,"")) | AN19: =IF(OR(M19="",M19=0),"",IFERROR(N19/M19-1,"")) | AO19: =IF(OR(N19="",N19=0),"",IFERROR(O19/N19-1,"")) | AP19: =IF(OR(O19="",O19=0),"",IFERROR(P19/O19-1,""))
C20: 비유동 기타포괄손익인식금융자산 | R20: =IFERROR(D20/D$31,"") | S20: =IFERROR(E20/E$31,"") | T20: =IFERROR(F20/F$31,"") | U20: =IFERROR(G20/G$31,"") | V20: =IFERROR(H20/H$31,"") | W20: =IFERROR(I20/I$31,"") | Y20: =IFERROR(K20/K$31,"") | Z20: =IFERROR(L20/L$31,"") | AA20: =IFERROR(M20/M$31,"") | AB20: =IFERROR(N20/N$31,"") | AC20: =IFERROR(O20/O$31,"") | AD20: =IFERROR(P20/P$31,"") | AF20: =IF(OR(D20="",D20=0),"",IFERROR(E20/D20-1,"")) | AG20: =IF(OR(E20="",E20=0),"",IFERROR(F20/E20-1,"")) | AH20: =IF(OR(F20="",F20=0),"",IFERROR(G20/F20-1,"")) | AI20: =IF(OR(G20="",G20=0),"",IFERROR(H20/G20-1,"")) | AJ20: =IF(OR(H20="",H20=0),"",IFERROR(I20/H20-1,"")) | AL20: =IF(OR(K20="",K20=0),"",IFERROR(L20/K20-1,"")) | AM20: =IF(OR(L20="",L20=0),"",IFERROR(M20/L20-1,"")) | AN20: =IF(OR(M20="",M20=0),"",IFERROR(N20/M20-1,"")) | AO20: =IF(OR(N20="",N20=0),"",IFERROR(O20/N20-1,"")) | AP20: =IF(OR(O20="",O20=0),"",IFERROR(P20/O20-1,""))
C21: 관계기업및공동기업투자 | R21: =IFERROR(D21/D$31,"") | S21: =IFERROR(E21/E$31,"") | T21: =IFERROR(F21/F$31,"") | U21: =IFERROR(G21/G$31,"") | V21: =IFERROR(H21/H$31,"") | W21: =IFERROR(I21/I$31,"") | Y21: =IFERROR(K21/K$31,"") | Z21: =IFERROR(L21/L$31,"") | AA21: =IFERROR(M21/M$31,"") | AB21: =IFERROR(N21/N$31,"") | AC21: =IFERROR(O21/O$31,"") | AD21: =IFERROR(P21/P$31,"") | AF21: =IF(OR(D21="",D21=0),"",IFERROR(E21/D21-1,"")) | AG21: =IF(OR(E21="",E21=0),"",IFERROR(F21/E21-1,"")) | AH21: =IF(OR(F21="",F21=0),"",IFERROR(G21/F21-1,"")) | AI21: =IF(OR(G21="",G21=0),"",IFERROR(H21/G21-1,"")) | AJ21: =IF(OR(H21="",H21=0),"",IFERROR(I21/H21-1,"")) | AL21: =IF(OR(K21="",K21=0),"",IFERROR(L21/K21-1,"")) | AM21: =IF(OR(L21="",L21=0),"",IFERROR(M21/L21-1,"")) | AN21: =IF(OR(M21="",M21=0),"",IFERROR(N21/M21-1,"")) | AO21: =IF(OR(N21="",N21=0),"",IFERROR(O21/N21-1,"")) | AP21: =IF(OR(O21="",O21=0),"",IFERROR(P21/O21-1,""))
C22: 기타비유동금융자산 | R22: =IFERROR(D22/D$31,"") | S22: =IFERROR(E22/E$31,"") | T22: =IFERROR(F22/F$31,"") | U22: =IFERROR(G22/G$31,"") | V22: =IFERROR(H22/H$31,"") | W22: =IFERROR(I22/I$31,"") | Y22: =IFERROR(K22/K$31,"") | Z22: =IFERROR(L22/L$31,"") | AA22: =IFERROR(M22/M$31,"") | AB22: =IFERROR(N22/N$31,"") | AC22: =IFERROR(O22/O$31,"") | AD22: =IFERROR(P22/P$31,"") | AF22: =IF(OR(D22="",D22=0),"",IFERROR(E22/D22-1,"")) | AG22: =IF(OR(E22="",E22=0),"",IFERROR(F22/E22-1,"")) | AH22: =IF(OR(F22="",F22=0),"",IFERROR(G22/F22-1,"")) | AI22: =IF(OR(G22="",G22=0),"",IFERROR(H22/G22-1,"")) | AJ22: =IF(OR(H22="",H22=0),"",IFERROR(I22/H22-1,"")) | AL22: =IF(OR(K22="",K22=0),"",IFERROR(L22/K22-1,"")) | AM22: =IF(OR(L22="",L22=0),"",IFERROR(M22/L22-1,"")) | AN22: =IF(OR(M22="",M22=0),"",IFERROR(N22/M22-1,"")) | AO22: =IF(OR(N22="",N22=0),"",IFERROR(O22/N22-1,"")) | AP22: =IF(OR(O22="",O22=0),"",IFERROR(P22/O22-1,""))
C23: 유형자산 | R23: =IFERROR(D23/D$31,"") | S23: =IFERROR(E23/E$31,"") | T23: =IFERROR(F23/F$31,"") | U23: =IFERROR(G23/G$31,"") | V23: =IFERROR(H23/H$31,"") | W23: =IFERROR(I23/I$31,"") | Y23: =IFERROR(K23/K$31,"") | Z23: =IFERROR(L23/L$31,"") | AA23: =IFERROR(M23/M$31,"") | AB23: =IFERROR(N23/N$31,"") | AC23: =IFERROR(O23/O$31,"") | AD23: =IFERROR(P23/P$31,"") | AF23: =IF(OR(D23="",D23=0),"",IFERROR(E23/D23-1,"")) | AG23: =IF(OR(E23="",E23=0),"",IFERROR(F23/E23-1,"")) | AH23: =IF(OR(F23="",F23=0),"",IFERROR(G23/F23-1,"")) | AI23: =IF(OR(G23="",G23=0),"",IFERROR(H23/G23-1,"")) | AJ23: =IF(OR(H23="",H23=0),"",IFERROR(I23/H23-1,"")) | AL23: =IF(OR(K23="",K23=0),"",IFERROR(L23/K23-1,"")) | AM23: =IF(OR(L23="",L23=0),"",IFERROR(M23/L23-1,"")) | AN23: =IF(OR(M23="",M23=0),"",IFERROR(N23/M23-1,"")) | AO23: =IF(OR(N23="",N23=0),"",IFERROR(O23/N23-1,"")) | AP23: =IF(OR(O23="",O23=0),"",IFERROR(P23/O23-1,""))
C24: 무형자산 | R24: =IFERROR(D24/D$31,"") | S24: =IFERROR(E24/E$31,"") | T24: =IFERROR(F24/F$31,"") | U24: =IFERROR(G24/G$31,"") | V24: =IFERROR(H24/H$31,"") | W24: =IFERROR(I24/I$31,"") | Y24: =IFERROR(K24/K$31,"") | Z24: =IFERROR(L24/L$31,"") | AA24: =IFERROR(M24/M$31,"") | AB24: =IFERROR(N24/N$31,"") | AC24: =IFERROR(O24/O$31,"") | AD24: =IFERROR(P24/P$31,"") | AF24: =IF(OR(D24="",D24=0),"",IFERROR(E24/D24-1,"")) | AG24: =IF(OR(E24="",E24=0),"",IFERROR(F24/E24-1,"")) | AH24: =IF(OR(F24="",F24=0),"",IFERROR(G24/F24-1,"")) | AI24: =IF(OR(G24="",G24=0),"",IFERROR(H24/G24-1,"")) | AJ24: =IF(OR(H24="",H24=0),"",IFERROR(I24/H24-1,"")) | AL24: =IF(OR(K24="",K24=0),"",IFERROR(L24/K24-1,"")) | AM24: =IF(OR(L24="",L24=0),"",IFERROR(M24/L24-1,"")) | AN24: =IF(OR(M24="",M24=0),"",IFERROR(N24/M24-1,"")) | AO24: =IF(OR(N24="",N24=0),"",IFERROR(O24/N24-1,"")) | AP24: =IF(OR(O24="",O24=0),"",IFERROR(P24/O24-1,""))
C25: 투자부동산 | R25: =IFERROR(D25/D$31,"") | S25: =IFERROR(E25/E$31,"") | T25: =IFERROR(F25/F$31,"") | U25: =IFERROR(G25/G$31,"") | V25: =IFERROR(H25/H$31,"") | W25: =IFERROR(I25/I$31,"") | Y25: =IFERROR(K25/K$31,"") | Z25: =IFERROR(L25/L$31,"") | AA25: =IFERROR(M25/M$31,"") | AB25: =IFERROR(N25/N$31,"") | AC25: =IFERROR(O25/O$31,"") | AD25: =IFERROR(P25/P$31,"") | AF25: =IF(OR(D25="",D25=0),"",IFERROR(E25/D25-1,"")) | AG25: =IF(OR(E25="",E25=0),"",IFERROR(F25/E25-1,"")) | AH25: =IF(OR(F25="",F25=0),"",IFERROR(G25/F25-1,"")) | AI25: =IF(OR(G25="",G25=0),"",IFERROR(H25/G25-1,"")) | AJ25: =IF(OR(H25="",H25=0),"",IFERROR(I25/H25-1,"")) | AL25: =IF(OR(K25="",K25=0),"",IFERROR(L25/K25-1,"")) | AM25: =IF(OR(L25="",L25=0),"",IFERROR(M25/L25-1,"")) | AN25: =IF(OR(M25="",M25=0),"",IFERROR(N25/M25-1,"")) | AO25: =IF(OR(N25="",N25=0),"",IFERROR(O25/N25-1,"")) | AP25: =IF(OR(O25="",O25=0),"",IFERROR(P25/O25-1,""))
C26: 비유동파생상품자산 | R26: =IFERROR(D26/D$31,"") | S26: =IFERROR(E26/E$31,"") | T26: =IFERROR(F26/F$31,"") | U26: =IFERROR(G26/G$31,"") | V26: =IFERROR(H26/H$31,"") | W26: =IFERROR(I26/I$31,"") | Y26: =IFERROR(K26/K$31,"") | Z26: =IFERROR(L26/L$31,"") | AA26: =IFERROR(M26/M$31,"") | AB26: =IFERROR(N26/N$31,"") | AC26: =IFERROR(O26/O$31,"") | AD26: =IFERROR(P26/P$31,"") | AF26: =IF(OR(D26="",D26=0),"",IFERROR(E26/D26-1,"")) | AG26: =IF(OR(E26="",E26=0),"",IFERROR(F26/E26-1,"")) | AH26: =IF(OR(F26="",F26=0),"",IFERROR(G26/F26-1,"")) | AI26: =IF(OR(G26="",G26=0),"",IFERROR(H26/G26-1,"")) | AJ26: =IF(OR(H26="",H26=0),"",IFERROR(I26/H26-1,"")) | AL26: =IF(OR(K26="",K26=0),"",IFERROR(L26/K26-1,"")) | AM26: =IF(OR(L26="",L26=0),"",IFERROR(M26/L26-1,"")) | AN26: =IF(OR(M26="",M26=0),"",IFERROR(N26/M26-1,"")) | AO26: =IF(OR(N26="",N26=0),"",IFERROR(O26/N26-1,"")) | AP26: =IF(OR(O26="",O26=0),"",IFERROR(P26/O26-1,""))
C27: 이연법인세자산 | R27: =IFERROR(D27/D$31,"") | S27: =IFERROR(E27/E$31,"") | T27: =IFERROR(F27/F$31,"") | U27: =IFERROR(G27/G$31,"") | V27: =IFERROR(H27/H$31,"") | W27: =IFERROR(I27/I$31,"") | Y27: =IFERROR(K27/K$31,"") | Z27: =IFERROR(L27/L$31,"") | AA27: =IFERROR(M27/M$31,"") | AB27: =IFERROR(N27/N$31,"") | AC27: =IFERROR(O27/O$31,"") | AD27: =IFERROR(P27/P$31,"") | AF27: =IF(OR(D27="",D27=0),"",IFERROR(E27/D27-1,"")) | AG27: =IF(OR(E27="",E27=0),"",IFERROR(F27/E27-1,"")) | AH27: =IF(OR(F27="",F27=0),"",IFERROR(G27/F27-1,"")) | AI27: =IF(OR(G27="",G27=0),"",IFERROR(H27/G27-1,"")) | AJ27: =IF(OR(H27="",H27=0),"",IFERROR(I27/H27-1,"")) | AL27: =IF(OR(K27="",K27=0),"",IFERROR(L27/K27-1,"")) | AM27: =IF(OR(L27="",L27=0),"",IFERROR(M27/L27-1,"")) | AN27: =IF(OR(M27="",M27=0),"",IFERROR(N27/M27-1,"")) | AO27: =IF(OR(N27="",N27=0),"",IFERROR(O27/N27-1,"")) | AP27: =IF(OR(O27="",O27=0),"",IFERROR(P27/O27-1,""))
C28: 기타비유동자산 | R28: =IFERROR(D28/D$31,"") | S28: =IFERROR(E28/E$31,"") | T28: =IFERROR(F28/F$31,"") | U28: =IFERROR(G28/G$31,"") | V28: =IFERROR(H28/H$31,"") | W28: =IFERROR(I28/I$31,"") | Y28: =IFERROR(K28/K$31,"") | Z28: =IFERROR(L28/L$31,"") | AA28: =IFERROR(M28/M$31,"") | AB28: =IFERROR(N28/N$31,"") | AC28: =IFERROR(O28/O$31,"") | AD28: =IFERROR(P28/P$31,"") | AF28: =IF(OR(D28="",D28=0),"",IFERROR(E28/D28-1,"")) | AG28: =IF(OR(E28="",E28=0),"",IFERROR(F28/E28-1,"")) | AH28: =IF(OR(F28="",F28=0),"",IFERROR(G28/F28-1,"")) | AI28: =IF(OR(G28="",G28=0),"",IFERROR(H28/G28-1,"")) | AJ28: =IF(OR(H28="",H28=0),"",IFERROR(I28/H28-1,"")) | AL28: =IF(OR(K28="",K28=0),"",IFERROR(L28/K28-1,"")) | AM28: =IF(OR(L28="",L28=0),"",IFERROR(M28/L28-1,"")) | AN28: =IF(OR(M28="",M28=0),"",IFERROR(N28/M28-1,"")) | AO28: =IF(OR(N28="",N28=0),"",IFERROR(O28/N28-1,"")) | AP28: =IF(OR(O28="",O28=0),"",IFERROR(P28/O28-1,""))
C29: 비유동 순확정급여자산 | R29: =IFERROR(D29/D$31,"") | S29: =IFERROR(E29/E$31,"") | T29: =IFERROR(F29/F$31,"") | U29: =IFERROR(G29/G$31,"") | V29: =IFERROR(H29/H$31,"") | W29: =IFERROR(I29/I$31,"") | Y29: =IFERROR(K29/K$31,"") | Z29: =IFERROR(L29/L$31,"") | AA29: =IFERROR(M29/M$31,"") | AB29: =IFERROR(N29/N$31,"") | AC29: =IFERROR(O29/O$31,"") | AD29: =IFERROR(P29/P$31,"") | AF29: =IF(OR(D29="",D29=0),"",IFERROR(E29/D29-1,"")) | AG29: =IF(OR(E29="",E29=0),"",IFERROR(F29/E29-1,"")) | AH29: =IF(OR(F29="",F29=0),"",IFERROR(G29/F29-1,"")) | AI29: =IF(OR(G29="",G29=0),"",IFERROR(H29/G29-1,"")) | AJ29: =IF(OR(H29="",H29=0),"",IFERROR(I29/H29-1,"")) | AL29: =IF(OR(K29="",K29=0),"",IFERROR(L29/K29-1,"")) | AM29: =IF(OR(L29="",L29=0),"",IFERROR(M29/L29-1,"")) | AN29: =IF(OR(M29="",M29=0),"",IFERROR(N29/M29-1,"")) | AO29: =IF(OR(N29="",N29=0),"",IFERROR(O29/N29-1,"")) | AP29: =IF(OR(O29="",O29=0),"",IFERROR(P29/O29-1,""))
C30: 비유동자산 계 | D30: =SUM(D18:D29) -> 0 | E30: =SUM(E18:E29) -> 0 | F30: =SUM(F18:F29) -> 0 | G30: =SUM(G18:G29) -> 0 | H30: =SUM(H18:H29) -> 0 | I30: =SUM(I18:I29) -> 0 | K30: =SUM(K18:K29) -> 0 | L30: =SUM(L18:L29) -> 0 | M30: =SUM(M18:M29) -> 0 | N30: =SUM(N18:N29) -> 0 | O30: =SUM(O18:O29) -> 0 | P30: =SUM(P18:P29) -> 0
C31: 자산총계 | D31: =D16+D30 -> 0 | E31: =E16+E30 -> 0 | F31: =F16+F30 -> 0 | G31: =G16+G30 -> 0 | H31: =H16+H30 -> 0 | I31: =I16+I30 -> 0 | K31: =K16+K30 -> 0 | L31: =L16+L30 -> 0 | M31: =M16+M30 -> 0 | N31: =N16+N30 -> 0 | O31: =O16+O30 -> 0 | P31: =P16+P30 -> 0
C32: < 유동부채 >
C33: 매입채무 및 기타유동채무 | R33: =IFERROR(D33/D$31,"") | S33: =IFERROR(E33/E$31,"") | T33: =IFERROR(F33/F$31,"") | U33: =IFERROR(G33/G$31,"") | V33: =IFERROR(H33/H$31,"") | W33: =IFERROR(I33/I$31,"") | Y33: =IFERROR(K33/K$31,"") | Z33: =IFERROR(L33/L$31,"") | AA33: =IFERROR(M33/M$31,"") | AB33: =IFERROR(N33/N$31,"") | AC33: =IFERROR(O33/O$31,"") | AD33: =IFERROR(P33/P$31,"") | AF33: =IF(OR(D33="",D33=0),"",IFERROR(E33/D33-1,"")) | AG33: =IF(OR(E33="",E33=0),"",IFERROR(F33/E33-1,"")) | AH33: =IF(OR(F33="",F33=0),"",IFERROR(G33/F33-1,"")) | AI33: =IF(OR(G33="",G33=0),"",IFERROR(H33/G33-1,"")) | AJ33: =IF(OR(H33="",H33=0),"",IFERROR(I33/H33-1,"")) | AL33: =IF(OR(K33="",K33=0),"",IFERROR(L33/K33-1,"")) | AM33: =IF(OR(L33="",L33=0),"",IFERROR(M33/L33-1,"")) | AN33: =IF(OR(M33="",M33=0),"",IFERROR(N33/M33-1,"")) | AO33: =IF(OR(N33="",N33=0),"",IFERROR(O33/N33-1,"")) | AP33: =IF(OR(O33="",O33=0),"",IFERROR(P33/O33-1,""))
C34: 단기차입금 | R34: =IFERROR(D34/D$31,"") | S34: =IFERROR(E34/E$31,"") | T34: =IFERROR(F34/F$31,"") | U34: =IFERROR(G34/G$31,"") | V34: =IFERROR(H34/H$31,"") | W34: =IFERROR(I34/I$31,"") | Y34: =IFERROR(K34/K$31,"") | Z34: =IFERROR(L34/L$31,"") | AA34: =IFERROR(M34/M$31,"") | AB34: =IFERROR(N34/N$31,"") | AC34: =IFERROR(O34/O$31,"") | AD34: =IFERROR(P34/P$31,"") | AF34: =IF(OR(D34="",D34=0),"",IFERROR(E34/D34-1,"")) | AG34: =IF(OR(E34="",E34=0),"",IFERROR(F34/E34-1,"")) | AH34: =IF(OR(F34="",F34=0),"",IFERROR(G34/F34-1,"")) | AI34: =IF(OR(G34="",G34=0),"",IFERROR(H34/G34-1,"")) | AJ34: =IF(OR(H34="",H34=0),"",IFERROR(I34/H34-1,"")) | AL34: =IF(OR(K34="",K34=0),"",IFERROR(L34/K34-1,"")) | AM34: =IF(OR(L34="",L34=0),"",IFERROR(M34/L34-1,"")) | AN34: =IF(OR(M34="",M34=0),"",IFERROR(N34/M34-1,"")) | AO34: =IF(OR(N34="",N34=0),"",IFERROR(O34/N34-1,"")) | AP34: =IF(OR(O34="",O34=0),"",IFERROR(P34/O34-1,""))
C35: 유동성장기부채 (비유동차입금의 유동성 대체 부분) | R35: =IFERROR(D35/D$31,"") | S35: =IFERROR(E35/E$31,"") | T35: =IFERROR(F35/F$31,"") | U35: =IFERROR(G35/G$31,"") | V35: =IFERROR(H35/H$31,"") | W35: =IFERROR(I35/I$31,"") | Y35: =IFERROR(K35/K$31,"") | Z35: =IFERROR(L35/L$31,"") | AA35: =IFERROR(M35/M$31,"") | AB35: =IFERROR(N35/N$31,"") | AC35: =IFERROR(O35/O$31,"") | AD35: =IFERROR(P35/P$31,"") | AF35: =IF(OR(D35="",D35=0),"",IFERROR(E35/D35-1,"")) | AG35: =IF(OR(E35="",E35=0),"",IFERROR(F35/E35-1,"")) | AH35: =IF(OR(F35="",F35=0),"",IFERROR(G35/F35-1,"")) | AI35: =IF(OR(G35="",G35=0),"",IFERROR(H35/G35-1,"")) | AJ35: =IF(OR(H35="",H35=0),"",IFERROR(I35/H35-1,"")) | AL35: =IF(OR(K35="",K35=0),"",IFERROR(L35/K35-1,"")) | AM35: =IF(OR(L35="",L35=0),"",IFERROR(M35/L35-1,"")) | AN35: =IF(OR(M35="",M35=0),"",IFERROR(N35/M35-1,"")) | AO35: =IF(OR(N35="",N35=0),"",IFERROR(O35/N35-1,"")) | AP35: =IF(OR(O35="",O35=0),"",IFERROR(P35/O35-1,""))
C36: 유동성전환사채 | R36: =IFERROR(D36/D$31,"") | S36: =IFERROR(E36/E$31,"") | T36: =IFERROR(F36/F$31,"") | U36: =IFERROR(G36/G$31,"") | V36: =IFERROR(H36/H$31,"") | W36: =IFERROR(I36/I$31,"") | Y36: =IFERROR(K36/K$31,"") | Z36: =IFERROR(L36/L$31,"") | AA36: =IFERROR(M36/M$31,"") | AB36: =IFERROR(N36/N$31,"") | AC36: =IFERROR(O36/O$31,"") | AD36: =IFERROR(P36/P$31,"") | AF36: =IF(OR(D36="",D36=0),"",IFERROR(E36/D36-1,"")) | AG36: =IF(OR(E36="",E36=0),"",IFERROR(F36/E36-1,"")) | AH36: =IF(OR(F36="",F36=0),"",IFERROR(G36/F36-1,"")) | AI36: =IF(OR(G36="",G36=0),"",IFERROR(H36/G36-1,"")) | AJ36: =IF(OR(H36="",H36=0),"",IFERROR(I36/H36-1,"")) | AL36: =IF(OR(K36="",K36=0),"",IFERROR(L36/K36-1,"")) | AM36: =IF(OR(L36="",L36=0),"",IFERROR(M36/L36-1,"")) | AN36: =IF(OR(M36="",M36=0),"",IFERROR(N36/M36-1,"")) | AO36: =IF(OR(N36="",N36=0),"",IFERROR(O36/N36-1,"")) | AP36: =IF(OR(O36="",O36=0),"",IFERROR(P36/O36-1,""))
C37: 유동계약부채 | R37: =IFERROR(D37/D$31,"") | S37: =IFERROR(E37/E$31,"") | T37: =IFERROR(F37/F$31,"") | U37: =IFERROR(G37/G$31,"") | V37: =IFERROR(H37/H$31,"") | W37: =IFERROR(I37/I$31,"") | Y37: =IFERROR(K37/K$31,"") | Z37: =IFERROR(L37/L$31,"") | AA37: =IFERROR(M37/M$31,"") | AB37: =IFERROR(N37/N$31,"") | AC37: =IFERROR(O37/O$31,"") | AD37: =IFERROR(P37/P$31,"") | AF37: =IF(OR(D37="",D37=0),"",IFERROR(E37/D37-1,"")) | AG37: =IF(OR(E37="",E37=0),"",IFERROR(F37/E37-1,"")) | AH37: =IF(OR(F37="",F37=0),"",IFERROR(G37/F37-1,"")) | AI37: =IF(OR(G37="",G37=0),"",IFERROR(H37/G37-1,"")) | AJ37: =IF(OR(H37="",H37=0),"",IFERROR(I37/H37-1,"")) | AL37: =IF(OR(K37="",K37=0),"",IFERROR(L37/K37-1,"")) | AM37: =IF(OR(L37="",L37=0),"",IFERROR(M37/L37-1,"")) | AN37: =IF(OR(M37="",M37=0),"",IFERROR(N37/M37-1,"")) | AO37: =IF(OR(N37="",N37=0),"",IFERROR(O37/N37-1,"")) | AP37: =IF(OR(O37="",O37=0),"",IFERROR(P37/O37-1,""))
C38: 유동 파생상품 금융부채 | R38: =IFERROR(D38/D$31,"") | S38: =IFERROR(E38/E$31,"") | T38: =IFERROR(F38/F$31,"") | U38: =IFERROR(G38/G$31,"") | V38: =IFERROR(H38/H$31,"") | W38: =IFERROR(I38/I$31,"") | Y38: =IFERROR(K38/K$31,"") | Z38: =IFERROR(L38/L$31,"") | AA38: =IFERROR(M38/M$31,"") | AB38: =IFERROR(N38/N$31,"") | AC38: =IFERROR(O38/O$31,"") | AD38: =IFERROR(P38/P$31,"") | AF38: =IF(OR(D38="",D38=0),"",IFERROR(E38/D38-1,"")) | AG38: =IF(OR(E38="",E38=0),"",IFERROR(F38/E38-1,"")) | AH38: =IF(OR(F38="",F38=0),"",IFERROR(G38/F38-1,"")) | AI38: =IF(OR(G38="",G38=0),"",IFERROR(H38/G38-1,"")) | AJ38: =IF(OR(H38="",H38=0),"",IFERROR(I38/H38-1,"")) | AL38: =IF(OR(K38="",K38=0),"",IFERROR(L38/K38-1,"")) | AM38: =IF(OR(L38="",L38=0),"",IFERROR(M38/L38-1,"")) | AN38: =IF(OR(M38="",M38=0),"",IFERROR(N38/M38-1,"")) | AO38: =IF(OR(N38="",N38=0),"",IFERROR(O38/N38-1,"")) | AP38: =IF(OR(O38="",O38=0),"",IFERROR(P38/O38-1,""))
C39: 당기법인세부채 | R39: =IFERROR(D39/D$31,"") | S39: =IFERROR(E39/E$31,"") | T39: =IFERROR(F39/F$31,"") | U39: =IFERROR(G39/G$31,"") | V39: =IFERROR(H39/H$31,"") | W39: =IFERROR(I39/I$31,"") | Y39: =IFERROR(K39/K$31,"") | Z39: =IFERROR(L39/L$31,"") | AA39: =IFERROR(M39/M$31,"") | AB39: =IFERROR(N39/N$31,"") | AC39: =IFERROR(O39/O$31,"") | AD39: =IFERROR(P39/P$31,"") | AF39: =IF(OR(D39="",D39=0),"",IFERROR(E39/D39-1,"")) | AG39: =IF(OR(E39="",E39=0),"",IFERROR(F39/E39-1,"")) | AH39: =IF(OR(F39="",F39=0),"",IFERROR(G39/F39-1,"")) | AI39: =IF(OR(G39="",G39=0),"",IFERROR(H39/G39-1,"")) | AJ39: =IF(OR(H39="",H39=0),"",IFERROR(I39/H39-1,"")) | AL39: =IF(OR(K39="",K39=0),"",IFERROR(L39/K39-1,"")) | AM39: =IF(OR(L39="",L39=0),"",IFERROR(M39/L39-1,"")) | AN39: =IF(OR(M39="",M39=0),"",IFERROR(N39/M39-1,"")) | AO39: =IF(OR(N39="",N39=0),"",IFERROR(O39/N39-1,"")) | AP39: =IF(OR(O39="",O39=0),"",IFERROR(P39/O39-1,""))
C40: 유동 리스부채 | R40: =IFERROR(D40/D$31,"") | S40: =IFERROR(E40/E$31,"") | T40: =IFERROR(F40/F$31,"") | U40: =IFERROR(G40/G$31,"") | V40: =IFERROR(H40/H$31,"") | W40: =IFERROR(I40/I$31,"") | Y40: =IFERROR(K40/K$31,"") | Z40: =IFERROR(L40/L$31,"") | AA40: =IFERROR(M40/M$31,"") | AB40: =IFERROR(N40/N$31,"") | AC40: =IFERROR(O40/O$31,"") | AD40: =IFERROR(P40/P$31,"") | AF40: =IF(OR(D40="",D40=0),"",IFERROR(E40/D40-1,"")) | AG40: =IF(OR(E40="",E40=0),"",IFERROR(F40/E40-1,"")) | AH40: =IF(OR(F40="",F40=0),"",IFERROR(G40/F40-1,"")) | AI40: =IF(OR(G40="",G40=0),"",IFERROR(H40/G40-1,"")) | AJ40: =IF(OR(H40="",H40=0),"",IFERROR(I40/H40-1,"")) | AL40: =IF(OR(K40="",K40=0),"",IFERROR(L40/K40-1,"")) | AM40: =IF(OR(L40="",L40=0),"",IFERROR(M40/L40-1,"")) | AN40: =IF(OR(M40="",M40=0),"",IFERROR(N40/M40-1,"")) | AO40: =IF(OR(N40="",N40=0),"",IFERROR(O40/N40-1,"")) | AP40: =IF(OR(O40="",O40=0),"",IFERROR(P40/O40-1,""))
C41: 유동성전환상환우선주부채 | R41: =IFERROR(D41/D$31,"") | S41: =IFERROR(E41/E$31,"") | T41: =IFERROR(F41/F$31,"") | U41: =IFERROR(G41/G$31,"") | V41: =IFERROR(H41/H$31,"") | W41: =IFERROR(I41/I$31,"") | Y41: =IFERROR(K41/K$31,"") | Z41: =IFERROR(L41/L$31,"") | AA41: =IFERROR(M41/M$31,"") | AB41: =IFERROR(N41/N$31,"") | AC41: =IFERROR(O41/O$31,"") | AD41: =IFERROR(P41/P$31,"") | AF41: =IF(OR(D41="",D41=0),"",IFERROR(E41/D41-1,"")) | AG41: =IF(OR(E41="",E41=0),"",IFERROR(F41/E41-1,"")) | AH41: =IF(OR(F41="",F41=0),"",IFERROR(G41/F41-1,"")) | AI41: =IF(OR(G41="",G41=0),"",IFERROR(H41/G41-1,"")) | AJ41: =IF(OR(H41="",H41=0),"",IFERROR(I41/H41-1,"")) | AL41: =IF(OR(K41="",K41=0),"",IFERROR(L41/K41-1,"")) | AM41: =IF(OR(L41="",L41=0),"",IFERROR(M41/L41-1,"")) | AN41: =IF(OR(M41="",M41=0),"",IFERROR(N41/M41-1,"")) | AO41: =IF(OR(N41="",N41=0),"",IFERROR(O41/N41-1,"")) | AP41: =IF(OR(O41="",O41=0),"",IFERROR(P41/O41-1,""))
C42: 기타 유동부채 | R42: =IFERROR(D42/D$31,"") | S42: =IFERROR(E42/E$31,"") | T42: =IFERROR(F42/F$31,"") | U42: =IFERROR(G42/G$31,"") | V42: =IFERROR(H42/H$31,"") | W42: =IFERROR(I42/I$31,"") | Y42: =IFERROR(K42/K$31,"") | Z42: =IFERROR(L42/L$31,"") | AA42: =IFERROR(M42/M$31,"") | AB42: =IFERROR(N42/N$31,"") | AC42: =IFERROR(O42/O$31,"") | AD42: =IFERROR(P42/P$31,"") | AF42: =IF(OR(D42="",D42=0),"",IFERROR(E42/D42-1,"")) | AG42: =IF(OR(E42="",E42=0),"",IFERROR(F42/E42-1,"")) | AH42: =IF(OR(F42="",F42=0),"",IFERROR(G42/F42-1,"")) | AI42: =IF(OR(G42="",G42=0),"",IFERROR(H42/G42-1,"")) | AJ42: =IF(OR(H42="",H42=0),"",IFERROR(I42/H42-1,"")) | AL42: =IF(OR(K42="",K42=0),"",IFERROR(L42/K42-1,"")) | AM42: =IF(OR(L42="",L42=0),"",IFERROR(M42/L42-1,"")) | AN42: =IF(OR(M42="",M42=0),"",IFERROR(N42/M42-1,"")) | AO42: =IF(OR(N42="",N42=0),"",IFERROR(O42/N42-1,"")) | AP42: =IF(OR(O42="",O42=0),"",IFERROR(P42/O42-1,""))
C43: 유동부채 계 | D43: =SUM(D33:D42) -> 0 | E43: =SUM(E33:E42) -> 0 | F43: =SUM(F33:F42) -> 0 | G43: =SUM(G33:G42) -> 0 | H43: =SUM(H33:H42) -> 0 | I43: =SUM(I33:I42) -> 0 | K43: =SUM(K33:K42) -> 0 | L43: =SUM(L33:L42) -> 0 | M43: =SUM(M33:M42) -> 0 | N43: =SUM(N33:N42) -> 0 | O43: =SUM(O33:O42) -> 0 | P43: =SUM(P33:P42) -> 0
C44: < 비유동부채 >
C45: 장기차입금 | R45: =IFERROR(D45/D$31,"") | S45: =IFERROR(E45/E$31,"") | T45: =IFERROR(F45/F$31,"") | U45: =IFERROR(G45/G$31,"") | V45: =IFERROR(H45/H$31,"") | W45: =IFERROR(I45/I$31,"") | Y45: =IFERROR(K45/K$31,"") | Z45: =IFERROR(L45/L$31,"") | AA45: =IFERROR(M45/M$31,"") | AB45: =IFERROR(N45/N$31,"") | AC45: =IFERROR(O45/O$31,"") | AD45: =IFERROR(P45/P$31,"") | AF45: =IF(OR(D45="",D45=0),"",IFERROR(E45/D45-1,"")) | AG45: =IF(OR(E45="",E45=0),"",IFERROR(F45/E45-1,"")) | AH45: =IF(OR(F45="",F45=0),"",IFERROR(G45/F45-1,"")) | AI45: =IF(OR(G45="",G45=0),"",IFERROR(H45/G45-1,"")) | AJ45: =IF(OR(H45="",H45=0),"",IFERROR(I45/H45-1,"")) | AL45: =IF(OR(K45="",K45=0),"",IFERROR(L45/K45-1,"")) | AM45: =IF(OR(L45="",L45=0),"",IFERROR(M45/L45-1,"")) | AN45: =IF(OR(M45="",M45=0),"",IFERROR(N45/M45-1,"")) | AO45: =IF(OR(N45="",N45=0),"",IFERROR(O45/N45-1,"")) | AP45: =IF(OR(O45="",O45=0),"",IFERROR(P45/O45-1,""))
C46: 전환사채 (비유동) | R46: =IFERROR(D46/D$31,"") | S46: =IFERROR(E46/E$31,"") | T46: =IFERROR(F46/F$31,"") | U46: =IFERROR(G46/G$31,"") | V46: =IFERROR(H46/H$31,"") | W46: =IFERROR(I46/I$31,"") | Y46: =IFERROR(K46/K$31,"") | Z46: =IFERROR(L46/L$31,"") | AA46: =IFERROR(M46/M$31,"") | AB46: =IFERROR(N46/N$31,"") | AC46: =IFERROR(O46/O$31,"") | AD46: =IFERROR(P46/P$31,"") | AF46: =IF(OR(D46="",D46=0),"",IFERROR(E46/D46-1,"")) | AG46: =IF(OR(E46="",E46=0),"",IFERROR(F46/E46-1,"")) | AH46: =IF(OR(F46="",F46=0),"",IFERROR(G46/F46-1,"")) | AI46: =IF(OR(G46="",G46=0),"",IFERROR(H46/G46-1,"")) | AJ46: =IF(OR(H46="",H46=0),"",IFERROR(I46/H46-1,"")) | AL46: =IF(OR(K46="",K46=0),"",IFERROR(L46/K46-1,"")) | AM46: =IF(OR(L46="",L46=0),"",IFERROR(M46/L46-1,"")) | AN46: =IF(OR(M46="",M46=0),"",IFERROR(N46/M46-1,"")) | AO46: =IF(OR(N46="",N46=0),"",IFERROR(O46/N46-1,"")) | AP46: =IF(OR(O46="",O46=0),"",IFERROR(P46/O46-1,""))
C47: 비유동 파생상품 금융부채 | R47: =IFERROR(D47/D$31,"") | S47: =IFERROR(E47/E$31,"") | T47: =IFERROR(F47/F$31,"") | U47: =IFERROR(G47/G$31,"") | V47: =IFERROR(H47/H$31,"") | W47: =IFERROR(I47/I$31,"") | Y47: =IFERROR(K47/K$31,"") | Z47: =IFERROR(L47/L$31,"") | AA47: =IFERROR(M47/M$31,"") | AB47: =IFERROR(N47/N$31,"") | AC47: =IFERROR(O47/O$31,"") | AD47: =IFERROR(P47/P$31,"") | AF47: =IF(OR(D47="",D47=0),"",IFERROR(E47/D47-1,"")) | AG47: =IF(OR(E47="",E47=0),"",IFERROR(F47/E47-1,"")) | AH47: =IF(OR(F47="",F47=0),"",IFERROR(G47/F47-1,"")) | AI47: =IF(OR(G47="",G47=0),"",IFERROR(H47/G47-1,"")) | AJ47: =IF(OR(H47="",H47=0),"",IFERROR(I47/H47-1,"")) | AL47: =IF(OR(K47="",K47=0),"",IFERROR(L47/K47-1,"")) | AM47: =IF(OR(L47="",L47=0),"",IFERROR(M47/L47-1,"")) | AN47: =IF(OR(M47="",M47=0),"",IFERROR(N47/M47-1,"")) | AO47: =IF(OR(N47="",N47=0),"",IFERROR(O47/N47-1,"")) | AP47: =IF(OR(O47="",O47=0),"",IFERROR(P47/O47-1,""))
C48: 비유동 순확정급여부채 | R48: =IFERROR(D48/D$31,"") | S48: =IFERROR(E48/E$31,"") | T48: =IFERROR(F48/F$31,"") | U48: =IFERROR(G48/G$31,"") | V48: =IFERROR(H48/H$31,"") | W48: =IFERROR(I48/I$31,"") | Y48: =IFERROR(K48/K$31,"") | Z48: =IFERROR(L48/L$31,"") | AA48: =IFERROR(M48/M$31,"") | AB48: =IFERROR(N48/N$31,"") | AC48: =IFERROR(O48/O$31,"") | AD48: =IFERROR(P48/P$31,"") | AF48: =IF(OR(D48="",D48=0),"",IFERROR(E48/D48-1,"")) | AG48: =IF(OR(E48="",E48=0),"",IFERROR(F48/E48-1,"")) | AH48: =IF(OR(F48="",F48=0),"",IFERROR(G48/F48-1,"")) | AI48: =IF(OR(G48="",G48=0),"",IFERROR(H48/G48-1,"")) | AJ48: =IF(OR(H48="",H48=0),"",IFERROR(I48/H48-1,"")) | AL48: =IF(OR(K48="",K48=0),"",IFERROR(L48/K48-1,"")) | AM48: =IF(OR(L48="",L48=0),"",IFERROR(M48/L48-1,"")) | AN48: =IF(OR(M48="",M48=0),"",IFERROR(N48/M48-1,"")) | AO48: =IF(OR(N48="",N48=0),"",IFERROR(O48/N48-1,"")) | AP48: =IF(OR(O48="",O48=0),"",IFERROR(P48/O48-1,""))
C49: 비유동 리스부채 | R49: =IFERROR(D49/D$31,"") | S49: =IFERROR(E49/E$31,"") | T49: =IFERROR(F49/F$31,"") | U49: =IFERROR(G49/G$31,"") | V49: =IFERROR(H49/H$31,"") | W49: =IFERROR(I49/I$31,"") | Y49: =IFERROR(K49/K$31,"") | Z49: =IFERROR(L49/L$31,"") | AA49: =IFERROR(M49/M$31,"") | AB49: =IFERROR(N49/N$31,"") | AC49: =IFERROR(O49/O$31,"") | AD49: =IFERROR(P49/P$31,"") | AF49: =IF(OR(D49="",D49=0),"",IFERROR(E49/D49-1,"")) | AG49: =IF(OR(E49="",E49=0),"",IFERROR(F49/E49-1,"")) | AH49: =IF(OR(F49="",F49=0),"",IFERROR(G49/F49-1,"")) | AI49: =IF(OR(G49="",G49=0),"",IFERROR(H49/G49-1,"")) | AJ49: =IF(OR(H49="",H49=0),"",IFERROR(I49/H49-1,"")) | AL49: =IF(OR(K49="",K49=0),"",IFERROR(L49/K49-1,"")) | AM49: =IF(OR(L49="",L49=0),"",IFERROR(M49/L49-1,"")) | AN49: =IF(OR(M49="",M49=0),"",IFERROR(N49/M49-1,"")) | AO49: =IF(OR(N49="",N49=0),"",IFERROR(O49/N49-1,"")) | AP49: =IF(OR(O49="",O49=0),"",IFERROR(P49/O49-1,""))
C50: 기타비유동금융부채 | R50: =IFERROR(D50/D$31,"") | S50: =IFERROR(E50/E$31,"") | T50: =IFERROR(F50/F$31,"") | U50: =IFERROR(G50/G$31,"") | V50: =IFERROR(H50/H$31,"") | W50: =IFERROR(I50/I$31,"") | Y50: =IFERROR(K50/K$31,"") | Z50: =IFERROR(L50/L$31,"") | AA50: =IFERROR(M50/M$31,"") | AB50: =IFERROR(N50/N$31,"") | AC50: =IFERROR(O50/O$31,"") | AD50: =IFERROR(P50/P$31,"") | AF50: =IF(OR(D50="",D50=0),"",IFERROR(E50/D50-1,"")) | AG50: =IF(OR(E50="",E50=0),"",IFERROR(F50/E50-1,"")) | AH50: =IF(OR(F50="",F50=0),"",IFERROR(G50/F50-1,"")) | AI50: =IF(OR(G50="",G50=0),"",IFERROR(H50/G50-1,"")) | AJ50: =IF(OR(H50="",H50=0),"",IFERROR(I50/H50-1,"")) | AL50: =IF(OR(K50="",K50=0),"",IFERROR(L50/K50-1,"")) | AM50: =IF(OR(L50="",L50=0),"",IFERROR(M50/L50-1,"")) | AN50: =IF(OR(M50="",M50=0),"",IFERROR(N50/M50-1,"")) | AO50: =IF(OR(N50="",N50=0),"",IFERROR(O50/N50-1,"")) | AP50: =IF(OR(O50="",O50=0),"",IFERROR(P50/O50-1,""))
C51: 비유동계약부채 | R51: =IFERROR(D51/D$31,"") | S51: =IFERROR(E51/E$31,"") | T51: =IFERROR(F51/F$31,"") | U51: =IFERROR(G51/G$31,"") | V51: =IFERROR(H51/H$31,"") | W51: =IFERROR(I51/I$31,"") | Y51: =IFERROR(K51/K$31,"") | Z51: =IFERROR(L51/L$31,"") | AA51: =IFERROR(M51/M$31,"") | AB51: =IFERROR(N51/N$31,"") | AC51: =IFERROR(O51/O$31,"") | AD51: =IFERROR(P51/P$31,"") | AF51: =IF(OR(D51="",D51=0),"",IFERROR(E51/D51-1,"")) | AG51: =IF(OR(E51="",E51=0),"",IFERROR(F51/E51-1,"")) | AH51: =IF(OR(F51="",F51=0),"",IFERROR(G51/F51-1,"")) | AI51: =IF(OR(G51="",G51=0),"",IFERROR(H51/G51-1,"")) | AJ51: =IF(OR(H51="",H51=0),"",IFERROR(I51/H51-1,"")) | AL51: =IF(OR(K51="",K51=0),"",IFERROR(L51/K51-1,"")) | AM51: =IF(OR(L51="",L51=0),"",IFERROR(M51/L51-1,"")) | AN51: =IF(OR(M51="",M51=0),"",IFERROR(N51/M51-1,"")) | AO51: =IF(OR(N51="",N51=0),"",IFERROR(O51/N51-1,"")) | AP51: =IF(OR(O51="",O51=0),"",IFERROR(P51/O51-1,""))
C52: 기타 비유동 부채 | R52: =IFERROR(D52/D$31,"") | S52: =IFERROR(E52/E$31,"") | T52: =IFERROR(F52/F$31,"") | U52: =IFERROR(G52/G$31,"") | V52: =IFERROR(H52/H$31,"") | W52: =IFERROR(I52/I$31,"") | Y52: =IFERROR(K52/K$31,"") | Z52: =IFERROR(L52/L$31,"") | AA52: =IFERROR(M52/M$31,"") | AB52: =IFERROR(N52/N$31,"") | AC52: =IFERROR(O52/O$31,"") | AD52: =IFERROR(P52/P$31,"") | AF52: =IF(OR(D52="",D52=0),"",IFERROR(E52/D52-1,"")) | AG52: =IF(OR(E52="",E52=0),"",IFERROR(F52/E52-1,"")) | AH52: =IF(OR(F52="",F52=0),"",IFERROR(G52/F52-1,"")) | AI52: =IF(OR(G52="",G52=0),"",IFERROR(H52/G52-1,"")) | AJ52: =IF(OR(H52="",H52=0),"",IFERROR(I52/H52-1,"")) | AL52: =IF(OR(K52="",K52=0),"",IFERROR(L52/K52-1,"")) | AM52: =IF(OR(L52="",L52=0),"",IFERROR(M52/L52-1,"")) | AN52: =IF(OR(M52="",M52=0),"",IFERROR(N52/M52-1,"")) | AO52: =IF(OR(N52="",N52=0),"",IFERROR(O52/N52-1,"")) | AP52: =IF(OR(O52="",O52=0),"",IFERROR(P52/O52-1,""))
C53: 이연법인세부채 | R53: =IFERROR(D53/D$31,"") | S53: =IFERROR(E53/E$31,"") | T53: =IFERROR(F53/F$31,"") | U53: =IFERROR(G53/G$31,"") | V53: =IFERROR(H53/H$31,"") | W53: =IFERROR(I53/I$31,"") | Y53: =IFERROR(K53/K$31,"") | Z53: =IFERROR(L53/L$31,"") | AA53: =IFERROR(M53/M$31,"") | AB53: =IFERROR(N53/N$31,"") | AC53: =IFERROR(O53/O$31,"") | AD53: =IFERROR(P53/P$31,"") | AF53: =IF(OR(D53="",D53=0),"",IFERROR(E53/D53-1,"")) | AG53: =IF(OR(E53="",E53=0),"",IFERROR(F53/E53-1,"")) | AH53: =IF(OR(F53="",F53=0),"",IFERROR(G53/F53-1,"")) | AI53: =IF(OR(G53="",G53=0),"",IFERROR(H53/G53-1,"")) | AJ53: =IF(OR(H53="",H53=0),"",IFERROR(I53/H53-1,"")) | AL53: =IF(OR(K53="",K53=0),"",IFERROR(L53/K53-1,"")) | AM53: =IF(OR(L53="",L53=0),"",IFERROR(M53/L53-1,"")) | AN53: =IF(OR(M53="",M53=0),"",IFERROR(N53/M53-1,"")) | AO53: =IF(OR(N53="",N53=0),"",IFERROR(O53/N53-1,"")) | AP53: =IF(OR(O53="",O53=0),"",IFERROR(P53/O53-1,""))
C54: 비유동부채 계 | D54: =SUM(D45:D53) -> 0 | E54: =SUM(E45:E53) -> 0 | F54: =SUM(F45:F53) -> 0 | G54: =SUM(G45:G53) -> 0 | H54: =SUM(H45:H53) -> 0 | I54: =SUM(I45:I53) -> 0 | K54: =SUM(K45:K53) -> 0 | L54: =SUM(L45:L53) -> 0 | M54: =SUM(M45:M53) -> 0 | N54: =SUM(N45:N53) -> 0 | O54: =SUM(O45:O53) -> 0 | P54: =SUM(P45:P53) -> 0
C55: 부채총계 | D55: =D43+D54 -> 0 | E55: =E43+E54 -> 0 | F55: =F43+F54 -> 0 | G55: =G43+G54 -> 0 | H55: =H43+H54 -> 0 | I55: =I43+I54 -> 0 | K55: =K43+K54 -> 0 | L55: =L43+L54 -> 0 | M55: =M43+M54 -> 0 | N55: =N43+N54 -> 0 | O55: =O43+O54 -> 0 | P55: =P43+P54 -> 0
C56: < 자본 >
C57: 자본금 | R57: =IFERROR(D57/D$31,"") | S57: =IFERROR(E57/E$31,"") | T57: =IFERROR(F57/F$31,"") | U57: =IFERROR(G57/G$31,"") | V57: =IFERROR(H57/H$31,"") | W57: =IFERROR(I57/I$31,"") | Y57: =IFERROR(K57/K$31,"") | Z57: =IFERROR(L57/L$31,"") | AA57: =IFERROR(M57/M$31,"") | AB57: =IFERROR(N57/N$31,"") | AC57: =IFERROR(O57/O$31,"") | AD57: =IFERROR(P57/P$31,"") | AF57: =IF(OR(D57="",D57=0),"",IFERROR(E57/D57-1,"")) | AG57: =IF(OR(E57="",E57=0),"",IFERROR(F57/E57-1,"")) | AH57: =IF(OR(F57="",F57=0),"",IFERROR(G57/F57-1,"")) | AI57: =IF(OR(G57="",G57=0),"",IFERROR(H57/G57-1,"")) | AJ57: =IF(OR(H57="",H57=0),"",IFERROR(I57/H57-1,"")) | AL57: =IF(OR(K57="",K57=0),"",IFERROR(L57/K57-1,"")) | AM57: =IF(OR(L57="",L57=0),"",IFERROR(M57/L57-1,"")) | AN57: =IF(OR(M57="",M57=0),"",IFERROR(N57/M57-1,"")) | AO57: =IF(OR(N57="",N57=0),"",IFERROR(O57/N57-1,"")) | AP57: =IF(OR(O57="",O57=0),"",IFERROR(P57/O57-1,""))
C58: 자본잉여금 | R58: =IFERROR(D58/D$31,"") | S58: =IFERROR(E58/E$31,"") | T58: =IFERROR(F58/F$31,"") | U58: =IFERROR(G58/G$31,"") | V58: =IFERROR(H58/H$31,"") | W58: =IFERROR(I58/I$31,"") | Y58: =IFERROR(K58/K$31,"") | Z58: =IFERROR(L58/L$31,"") | AA58: =IFERROR(M58/M$31,"") | AB58: =IFERROR(N58/N$31,"") | AC58: =IFERROR(O58/O$31,"") | AD58: =IFERROR(P58/P$31,"") | AF58: =IF(OR(D58="",D58=0),"",IFERROR(E58/D58-1,"")) | AG58: =IF(OR(E58="",E58=0),"",IFERROR(F58/E58-1,"")) | AH58: =IF(OR(F58="",F58=0),"",IFERROR(G58/F58-1,"")) | AI58: =IF(OR(G58="",G58=0),"",IFERROR(H58/G58-1,"")) | AJ58: =IF(OR(H58="",H58=0),"",IFERROR(I58/H58-1,"")) | AL58: =IF(OR(K58="",K58=0),"",IFERROR(L58/K58-1,"")) | AM58: =IF(OR(L58="",L58=0),"",IFERROR(M58/L58-1,"")) | AN58: =IF(OR(M58="",M58=0),"",IFERROR(N58/M58-1,"")) | AO58: =IF(OR(N58="",N58=0),"",IFERROR(O58/N58-1,"")) | AP58: =IF(OR(O58="",O58=0),"",IFERROR(P58/O58-1,""))
C59: 기타자본구성요소 | R59: =IFERROR(D59/D$31,"") | S59: =IFERROR(E59/E$31,"") | T59: =IFERROR(F59/F$31,"") | U59: =IFERROR(G59/G$31,"") | V59: =IFERROR(H59/H$31,"") | W59: =IFERROR(I59/I$31,"") | Y59: =IFERROR(K59/K$31,"") | Z59: =IFERROR(L59/L$31,"") | AA59: =IFERROR(M59/M$31,"") | AB59: =IFERROR(N59/N$31,"") | AC59: =IFERROR(O59/O$31,"") | AD59: =IFERROR(P59/P$31,"") | AF59: =IF(OR(D59="",D59=0),"",IFERROR(E59/D59-1,"")) | AG59: =IF(OR(E59="",E59=0),"",IFERROR(F59/E59-1,"")) | AH59: =IF(OR(F59="",F59=0),"",IFERROR(G59/F59-1,"")) | AI59: =IF(OR(G59="",G59=0),"",IFERROR(H59/G59-1,"")) | AJ59: =IF(OR(H59="",H59=0),"",IFERROR(I59/H59-1,"")) | AL59: =IF(OR(K59="",K59=0),"",IFERROR(L59/K59-1,"")) | AM59: =IF(OR(L59="",L59=0),"",IFERROR(M59/L59-1,"")) | AN59: =IF(OR(M59="",M59=0),"",IFERROR(N59/M59-1,"")) | AO59: =IF(OR(N59="",N59=0),"",IFERROR(O59/N59-1,"")) | AP59: =IF(OR(O59="",O59=0),"",IFERROR(P59/O59-1,""))
C60: 기타포괄손익누계액 | R60: =IFERROR(D60/D$31,"") | S60: =IFERROR(E60/E$31,"") | T60: =IFERROR(F60/F$31,"") | U60: =IFERROR(G60/G$31,"") | V60: =IFERROR(H60/H$31,"") | W60: =IFERROR(I60/I$31,"") | Y60: =IFERROR(K60/K$31,"") | Z60: =IFERROR(L60/L$31,"") | AA60: =IFERROR(M60/M$31,"") | AB60: =IFERROR(N60/N$31,"") | AC60: =IFERROR(O60/O$31,"") | AD60: =IFERROR(P60/P$31,"") | AF60: =IF(OR(D60="",D60=0),"",IFERROR(E60/D60-1,"")) | AG60: =IF(OR(E60="",E60=0),"",IFERROR(F60/E60-1,"")) | AH60: =IF(OR(F60="",F60=0),"",IFERROR(G60/F60-1,"")) | AI60: =IF(OR(G60="",G60=0),"",IFERROR(H60/G60-1,"")) | AJ60: =IF(OR(H60="",H60=0),"",IFERROR(I60/H60-1,"")) | AL60: =IF(OR(K60="",K60=0),"",IFERROR(L60/K60-1,"")) | AM60: =IF(OR(L60="",L60=0),"",IFERROR(M60/L60-1,"")) | AN60: =IF(OR(M60="",M60=0),"",IFERROR(N60/M60-1,"")) | AO60: =IF(OR(N60="",N60=0),"",IFERROR(O60/N60-1,"")) | AP60: =IF(OR(O60="",O60=0),"",IFERROR(P60/O60-1,""))
C61: 이익잉여금(결손금) | R61: =IFERROR(D61/D$31,"") | S61: =IFERROR(E61/E$31,"") | T61: =IFERROR(F61/F$31,"") | U61: =IFERROR(G61/G$31,"") | V61: =IFERROR(H61/H$31,"") | W61: =IFERROR(I61/I$31,"") | Y61: =IFERROR(K61/K$31,"") | Z61: =IFERROR(L61/L$31,"") | AA61: =IFERROR(M61/M$31,"") | AB61: =IFERROR(N61/N$31,"") | AC61: =IFERROR(O61/O$31,"") | AD61: =IFERROR(P61/P$31,"") | AF61: =IF(OR(D61="",D61=0),"",IFERROR(E61/D61-1,"")) | AG61: =IF(OR(E61="",E61=0),"",IFERROR(F61/E61-1,"")) | AH61: =IF(OR(F61="",F61=0),"",IFERROR(G61/F61-1,"")) | AI61: =IF(OR(G61="",G61=0),"",IFERROR(H61/G61-1,"")) | AJ61: =IF(OR(H61="",H61=0),"",IFERROR(I61/H61-1,"")) | AL61: =IF(OR(K61="",K61=0),"",IFERROR(L61/K61-1,"")) | AM61: =IF(OR(L61="",L61=0),"",IFERROR(M61/L61-1,"")) | AN61: =IF(OR(M61="",M61=0),"",IFERROR(N61/M61-1,"")) | AO61: =IF(OR(N61="",N61=0),"",IFERROR(O61/N61-1,"")) | AP61: =IF(OR(O61="",O61=0),"",IFERROR(P61/O61-1,""))
C62: 비지배지분 | R62: =IFERROR(D62/D$31,"") | S62: =IFERROR(E62/E$31,"") | T62: =IFERROR(F62/F$31,"") | U62: =IFERROR(G62/G$31,"") | V62: =IFERROR(H62/H$31,"") | W62: =IFERROR(I62/I$31,"") | Y62: =IFERROR(K62/K$31,"") | Z62: =IFERROR(L62/L$31,"") | AA62: =IFERROR(M62/M$31,"") | AB62: =IFERROR(N62/N$31,"") | AC62: =IFERROR(O62/O$31,"") | AD62: =IFERROR(P62/P$31,"") | AF62: =IF(OR(D62="",D62=0),"",IFERROR(E62/D62-1,"")) | AG62: =IF(OR(E62="",E62=0),"",IFERROR(F62/E62-1,"")) | AH62: =IF(OR(F62="",F62=0),"",IFERROR(G62/F62-1,"")) | AI62: =IF(OR(G62="",G62=0),"",IFERROR(H62/G62-1,"")) | AJ62: =IF(OR(H62="",H62=0),"",IFERROR(I62/H62-1,"")) | AL62: =IF(OR(K62="",K62=0),"",IFERROR(L62/K62-1,"")) | AM62: =IF(OR(L62="",L62=0),"",IFERROR(M62/L62-1,"")) | AN62: =IF(OR(M62="",M62=0),"",IFERROR(N62/M62-1,"")) | AO62: =IF(OR(N62="",N62=0),"",IFERROR(O62/N62-1,"")) | AP62: =IF(OR(O62="",O62=0),"",IFERROR(P62/O62-1,""))
C63: 자본총계 | D63: =SUM(D57:D62) -> 0 | E63: =SUM(E57:E62) -> 0 | F63: =SUM(F57:F62) -> 0 | G63: =SUM(G57:G62) -> 0 | H63: =SUM(H57:H62) -> 0 | I63: =SUM(I57:I62) -> 0 | K63: =SUM(K57:K62) -> 0 | L63: =SUM(L57:L62) -> 0 | M63: =SUM(M57:M62) -> 0 | N63: =SUM(N57:N62) -> 0 | O63: =SUM(O57:O62) -> 0 | P63: =SUM(P57:P62) -> 0
C64: 부채와자본총계 | D64: =D55+D63 -> 0 | E64: =E55+E63 -> 0 | F64: =F55+F63 -> 0 | G64: =G55+G63 -> 0 | H64: =H55+H63 -> 0 | I64: =I55+I63 -> 0 | K64: =K55+K63 -> 0 | L64: =L55+L63 -> 0 | M64: =M55+M63 -> 0 | N64: =N55+N63 -> 0 | O64: =O55+O63 -> 0 | P64: =P55+P63 -> 0
C65: (분석적 검토) 30% 이상 변동한 계정 수 | AF65: =IF(COUNT(AF7:AF64)=0,"",COUNTIF(AF7:AF64,">=0.3")+COUNTIF(AF7:AF64,"<=-0.3")) | AG65: =IF(COUNT(AG7:AG64)=0,"",COUNTIF(AG7:AG64,">=0.3")+COUNTIF(AG7:AG64,"<=-0.3")) | AH65: =IF(COUNT(AH7:AH64)=0,"",COUNTIF(AH7:AH64,">=0.3")+COUNTIF(AH7:AH64,"<=-0.3")) | AI65: =IF(COUNT(AI7:AI64)=0,"",COUNTIF(AI7:AI64,">=0.3")+COUNTIF(AI7:AI64,"<=-0.3")) | AJ65: =IF(COUNT(AJ7:AJ64)=0,"",COUNTIF(AJ7:AJ64,">=0.3")+COUNTIF(AJ7:AJ64,"<=-0.3")) | AK65: =IF(COUNT(AK7:AK64)=0,"",COUNTIF(AK7:AK64,">=0.3")+COUNTIF(AK7:AK64,"<=-0.3")) | AL65: =IF(COUNT(AL7:AL64)=0,"",COUNTIF(AL7:AL64,">=0.3")+COUNTIF(AL7:AL64,"<=-0.3")) | AM65: =IF(COUNT(AM7:AM64)=0,"",COUNTIF(AM7:AM64,">=0.3")+COUNTIF(AM7:AM64,"<=-0.3")) | ... AP65: =IF(COUNT(AP7:AP64)=0,"",COUNTIF(AP7:AP64,">=0.3")+COUNTIF(AP7:AP64,"<=-0.3"))
C66: 검증: 자산총계 = 부채와자본총계 | D66: =IF(D31=0,"미입력",IF(ABS(D31-D64)<1,"OK","불일치")) -> 미입력 | E66: =IF(E31=0,"미입력",IF(ABS(E31-E64)<1,"OK","불일치")) -> 미입력 | F66: =IF(F31=0,"미입력",IF(ABS(F31-F64)<1,"OK","불일치")) -> 미입력 | G66: =IF(G31=0,"미입력",IF(ABS(G31-G64)<1,"OK","불일치")) -> 미입력 | H66: =IF(H31=0,"미입력",IF(ABS(H31-H64)<1,"OK","불일치")) -> 미입력 | I66: =IF(I31=0,"미입력",IF(ABS(I31-I64)<1,"OK","불일치")) -> 미입력 | K66: =IF(K31=0,"미입력",IF(ABS(K31-K64)<1,"OK","불일치")) -> 미입력 | L66: =IF(L31=0,"미입력",IF(ABS(L31-L64)<1,"OK","불일치")) -> 미입력 | M66: =IF(M31=0,"미입력",IF(ABS(M31-M64)<1,"OK","불일치")) -> 미입력 | N66: =IF(N31=0,"미입력",IF(ABS(N31-N64)<1,"OK","불일치")) -> 미입력 | O66: =IF(O31=0,"미입력",IF(ABS(O31-O64)<1,"OK","불일치")) -> 미입력 | P66: =IF(P31=0,"미입력",IF(ABS(P31-P64)<1,"OK","불일치")) -> 미입력
C67: 부채비율 (부채총계 ÷ 자본총계) | D67: =IFERROR(D55/D63,"") | E67: =IFERROR(E55/E63,"") | F67: =IFERROR(F55/F63,"") | G67: =IFERROR(G55/G63,"") | H67: =IFERROR(H55/H63,"") | I67: =IFERROR(I55/I63,"") | K67: =IFERROR(K55/K63,"") | L67: =IFERROR(L55/L63,"") | M67: =IFERROR(M55/M63,"") | N67: =IFERROR(N55/N63,"") | O67: =IFERROR(O55/O63,"") | P67: =IFERROR(P55/P63,"")
C69: 자료 출처 (사업보고서명 · 페이지 · 조회일자)

Sheet 2-2_공통형_해석
B1: [과제 ②] Chapter Report — 재무상태표 설명
B2: 2-1 시트의 공통형 분석 결과를 근거로 서술하세요. '기업이 영위하는 사업을 충분히 이해한 후' 재무상태표를 읽는 것이 순서입니다.
C4: 항목 | D4: 대상기업 | E4: 비교기업
C5: 자산 구성의 특징 | F5: 기업이 영위하는 사업을 먼저 설명하고, 그 사업이 재무상태표의 어느 항목으로 나타나는지 연결하여 서술한다.
C6: 6개년 자산구성 변화 추이 | F6: 자산 구성(유동/비유동, 유형자산 비중 등)의 특징과 연도별 변화를 공통형 분석 결과에 근거하여 설명한다.
C7: 자금조달 구조 (부채 vs 자본) | F7: 부채와 자본의 구성, 조달 방식의 특징을 설명한다.
C8: 부채의 만기 구성 | F8: 주석에서 확인한 잠재적 부채(우발부채·지급보증·운용리스 등)와 저평가된 자산이 있는지 검토한다.
C9: 비교기업과의 가장 큰 차이 | F9: 비교기업과 구성이 뚜렷하게 다른 항목을 찾아 그 이유를 설명한다.
C10: 재무상태표에 없는 자산 (잠재적 자산)
C11: 재무상태표에 없는 부채 (잠재적 부채)
C12: 급격히 변동한 계정과 그 원인 | F12: 2-1 시트의 분석적 검토에서 30% 이상 변동한 계정을 고르고, 사업보고서 주석에서 그 원인을 찾아 서술한다.
C13: 기업 고유 변동 vs 산업 공통 변동 | F13: 같은 계정을 비교기업과 대조한다. 두 기업이 함께 움직였으면 산업 요인, 대상기업만 움직였으면 기업 고유 요인으로 나누어 설명한다.

Sheet 2-3_PBR_비교
B1: [과제 ⑥] 대상기업·비교기업 PBR 추이 비교
B2: 단위: 자본 백만원 · 주가 원 · 주식수 천주 · 자본총계와 비지배지분은 2-1 시트에서 자동으로 연결됩니다. 노란 칸(주식수·주가)만 채우면 됩니다.
C4: ■ 자료 입력과 PBR 계산
D5: 대상기업 | K5: 비교기업
C6: 항목 | D6: 2020 | E6: 2021 | F6: 2022 | G6: 2023 | H6: 2024 | I6: 2025 | K6: 2020 | L6: 2021 | M6: 2022 | N6: 2023 | O6: 2024 | P6: 2025
C7: 자본총계 (2-1 시트 연결) | D7: ='2-1_재무상태표'!D63 -> 0 | E7: ='2-1_재무상태표'!E63 -> 0 | F7: ='2-1_재무상태표'!F63 -> 0 | G7: ='2-1_재무상태표'!G63 -> 0 | H7: ='2-1_재무상태표'!H63 -> 0 | I7: ='2-1_재무상태표'!I63 -> 0 | K7: ='2-1_재무상태표'!K63 -> 0 | L7: ='2-1_재무상태표'!L63 -> 0 | M7: ='2-1_재무상태표'!M63 -> 0 | N7: ='2-1_재무상태표'!N63 -> 0 | O7: ='2-1_재무상태표'!O63 -> 0 | P7: ='2-1_재무상태표'!P63 -> 0 | R7: 비지배지분을 빼는 이유: PBR의 분자인 시가총액은 지배기업 주주의 몫이므로, 분모도 지배기업 소유주지분으로 맞춰야 짝이 맞습니다.
C8: 비지배지분 (2-1 시트 연결) | D8: ='2-1_재무상태표'!D62 -> 0 | E8: ='2-1_재무상태표'!E62 -> 0 | F8: ='2-1_재무상태표'!F62 -> 0 | G8: ='2-1_재무상태표'!G62 -> 0 | H8: ='2-1_재무상태표'!H62 -> 0 | I8: ='2-1_재무상태표'!I62 -> 0 | K8: ='2-1_재무상태표'!K62 -> 0 | L8: ='2-1_재무상태표'!L62 -> 0 | M8: ='2-1_재무상태표'!M62 -> 0 | N8: ='2-1_재무상태표'!N62 -> 0 | O8: ='2-1_재무상태표'!O62 -> 0 | P8: ='2-1_재무상태표'!P62 -> 0
C9: 지배기업 소유주지분 (= 자본총계 − 비지배지분) | D9: =D7-D8 -> 0 | E9: =E7-E8 -> 0 | F9: =F7-F8 -> 0 | G9: =G7-G8 -> 0 | H9: =H7-H8 -> 0 | I9: =I7-I8 -> 0 | K9: =K7-K8 -> 0 | L9: =L7-L8 -> 0 | M9: =M7-M8 -> 0 | N9: =N7-N8 -> 0 | O9: =O7-O8 -> 0 | P9: =P7-P8 -> 0
C10: 기말 발행주식수 (천주) | R10: 발행주식수·자기주식수는 사업보고서 "주식의 총수 등" 항목, 12월 말 종가는 KRX·네이버금융 등에서 조회합니다. 출처를 맨 아래 칸에 남기세요.
C11: 기말 자기주식수 (천주)
C12: 유통주식수 (천주) (= 발행 − 자기주식) | D12: =IF(D10="","",D10-D11) | E12: =IF(E10="","",E10-E11) | F12: =IF(F10="","",F10-F11) | G12: =IF(G10="","",G10-G11) | H12: =IF(H10="","",H10-H11) | I12: =IF(I10="","",I10-I11) | K12: =IF(K10="","",K10-K11) | L12: =IF(L10="","",L10-L11) | M12: =IF(M10="","",M10-M11) | N12: =IF(N10="","",N10-N11) | O12: =IF(O10="","",O10-O11) | P12: =IF(P10="","",P10-P11)
C13: 12월 말 종가 (원)
C14: 시가총액 (백만원) (= 종가 × 유통주식수 ÷ 1,000) | D14: =IF(OR(D12="",D13=""),"",D13*D12/1000) | E14: =IF(OR(E12="",E13=""),"",E13*E12/1000) | F14: =IF(OR(F12="",F13=""),"",F13*F12/1000) | G14: =IF(OR(G12="",G13=""),"",G13*G12/1000) | H14: =IF(OR(H12="",H13=""),"",H13*H12/1000) | I14: =IF(OR(I12="",I13=""),"",I13*I12/1000) | K14: =IF(OR(K12="",K13=""),"",K13*K12/1000) | L14: =IF(OR(L12="",L13=""),"",L13*L12/1000) | M14: =IF(OR(M12="",M13=""),"",M13*M12/1000) | N14: =IF(OR(N12="",N13=""),"",N13*N12/1000) | O14: =IF(OR(O12="",O13=""),"",O13*O12/1000) | P14: =IF(OR(P12="",P13=""),"",P13*P12/1000) | R14: 참고: DataGuide 연말 시가총액(백만원)은 자기주식을 포함한 발행주식수 기준이라 이 표의 유통주식수 기준 시총보다 큽니다.
C15: 주당순자산 BPS (원) (= 지배지분 × 1,000 ÷ 유통주식수) | D15: =IF(OR(D12="",D12=0,D9=0),"",D9*1000/D12) | E15: =IF(OR(E12="",E12=0,E9=0),"",E9*1000/E12) | F15: =IF(OR(F12="",F12=0,F9=0),"",F9*1000/F12) | G15: =IF(OR(G12="",G12=0,G9=0),"",G9*1000/G12) | H15: =IF(OR(H12="",H12=0,H9=0),"",H9*1000/H12) | I15: =IF(OR(I12="",I12=0,I9=0),"",I9*1000/I12) | K15: =IF(OR(K12="",K12=0,K9=0),"",K9*1000/K12) | L15: =IF(OR(L12="",L12=0,L9=0),"",L9*1000/L12) | M15: =IF(OR(M12="",M12=0,M9=0),"",M9*1000/M12) | N15: =IF(OR(N12="",N12=0,N9=0),"",N9*1000/N12) | O15: =IF(OR(O12="",O12=0,O9=0),"",O9*1000/O12) | P15: =IF(OR(P12="",P12=0,P9=0),"",P9*1000/P12) | R15: 단위 환산: 지배지분(백만원)×1,000,000 ÷ (유통주식수(천주)×1,000) = 지배지분×1,000 ÷ 유통주식수(천주).
C16: PBR (= 종가 ÷ BPS = 시가총액 ÷ 지배지분) | D16: =IF(OR(D15="",D13=""),"",D13/D15) | E16: =IF(OR(E15="",E13=""),"",E13/E15) | F16: =IF(OR(F15="",F13=""),"",F13/F15) | G16: =IF(OR(G15="",G13=""),"",G13/G15) | H16: =IF(OR(H15="",H13=""),"",H13/H15) | I16: =IF(OR(I15="",I13=""),"",I13/I15) | K16: =IF(OR(K15="",K13=""),"",K13/K15) | L16: =IF(OR(L15="",L13=""),"",L13/L15) | M16: =IF(OR(M15="",M13=""),"",M13/M15) | N16: =IF(OR(N15="",N13=""),"",N13/N15) | O16: =IF(OR(O15="",O13=""),"",O13/O15) | P16: =IF(OR(P15="",P13=""),"",P13/P15)
C17: 자기자본이익률 ROE (= 지배주주순이익(3-1) ÷ 평균 지배기업 소유주지분, 2021~ 수식) | E17: =IF(OR('3-1_손익계산서'!E21="",E9=0,D9=0),"",'3-1_손익계산서'!E21/((E9+D9)/2)) | F17: =IF(OR('3-1_손익계산서'!F21="",F9=0,E9=0),"",'3-1_손익계산서'!F21/((F9+E9)/2)) | G17: =IF(OR('3-1_손익계산서'!G21="",G9=0,F9=0),"",'3-1_손익계산서'!G21/((G9+F9)/2)) | H17: =IF(OR('3-1_손익계산서'!H21="",H9=0,G9=0),"",'3-1_손익계산서'!H21/((H9+G9)/2)) | I17: =IF(OR('3-1_손익계산서'!I21="",I9=0,H9=0),"",'3-1_손익계산서'!I21/((I9+H9)/2)) | L17: =IF(OR('3-1_손익계산서'!L21="",L9=0,K9=0),"",'3-1_손익계산서'!L21/((L9+K9)/2)) | M17: =IF(OR('3-1_손익계산서'!M21="",M9=0,L9=0),"",'3-1_손익계산서'!M21/((M9+L9)/2)) | N17: =IF(OR('3-1_손익계산서'!N21="",N9=0,M9=0),"",'3-1_손익계산서'!N21/((N9+M9)/2)) | O17: =IF(OR('3-1_손익계산서'!O21="",O9=0,N9=0),"",'3-1_손익계산서'!O21/((O9+N9)/2)) | P17: =IF(OR('3-1_손익계산서'!P21="",P9=0,O9=0),"",'3-1_손익계산서'!P21/((P9+O9)/2)) | R17: ROE = 3-1 시트의 지배기업 소유주지분 순이익 ÷ (당기말 + 전기말 지배지분) ÷ 2. 6-1 시트의 ROE는 교재 정의(당기순이익 ÷ 평균자본총계)라 비지배지분이 있는 기업에서는 값이 약간 다릅니다.
C18: 검증: 2-1 시트 자본총계 입력 여부 | D18: =IF(D7=0,"01시트 미입력","OK") -> 01시트 미입력 | E18: =IF(E7=0,"01시트 미입력","OK") -> 01시트 미입력 | F18: =IF(F7=0,"01시트 미입력","OK") -> 01시트 미입력 | G18: =IF(G7=0,"01시트 미입력","OK") -> 01시트 미입력 | H18: =IF(H7=0,"01시트 미입력","OK") -> 01시트 미입력 | I18: =IF(I7=0,"01시트 미입력","OK") -> 01시트 미입력 | K18: =IF(K7=0,"01시트 미입력","OK") -> 01시트 미입력 | L18: =IF(L7=0,"01시트 미입력","OK") -> 01시트 미입력 | M18: =IF(M7=0,"01시트 미입력","OK") -> 01시트 미입력 | N18: =IF(N7=0,"01시트 미입력","OK") -> 01시트 미입력 | O18: =IF(O7=0,"01시트 미입력","OK") -> 01시트 미입력 | P18: =IF(P7=0,"01시트 미입력","OK") -> 01시트 미입력
D20: PBR 감소
C21: ■ PBR 추이 비교
C22: 연도 | D22: 대상기업 PBR | E22: 비교기업 PBR | F22: 차이 (대상 − 비교) | G22: 상대 PBR (대상 ÷ 비교) | H22: 대상기업 시총 − 지배지분 (백만원) | I22: 비교기업 시총 − 지배지분 (백만원)
C23: 2020 | D23: =D16 | E23: =K16 | F23: =IF(OR(D23="",E23=""),"",D23-E23) | G23: =IF(OR(D23="",E23="",E23=0),"",D23/E23) | H23: =IF(D14="","",D14-D9) | I23: =IF(K14="","",K14-K9) | K23: '시총 − 지배지분'은 시장이 재무상태표 밖에서 인정(또는 차감)하는 금액입니다.
C24: 2021 | D24: =E16 | E24: =L16 | F24: =IF(OR(D24="",E24=""),"",D24-E24) | G24: =IF(OR(D24="",E24="",E24=0),"",D24/E24) | H24: =IF(E14="","",E14-E9) | I24: =IF(L14="","",L14-L9) | K24: 양(+)이면 장부에 없는 자산·미래 초과이익을, 음(−)이면 장부에 없는 부채나 장부가치의 과대계상을 시장이 보고 있다는 뜻입니다.
C25: 2022 | D25: =F16 | E25: =M16 | F25: =IF(OR(D25="",E25=""),"",D25-E25) | G25: =IF(OR(D25="",E25="",E25=0),"",D25/E25) | H25: =IF(F14="","",F14-F9) | I25: =IF(M14="","",M14-M9) | K25: 2장에서 찾아낸 잠재적 자산·부채(2-2 시트 10·11행)로 이 금액의 몇 %가 설명되는지 후반부 파일의 초과이익모형 시트에서 확인합니다.
C26: 2023 | D26: =G16 | E26: =N16 | F26: =IF(OR(D26="",E26=""),"",D26-E26) | G26: =IF(OR(D26="",E26="",E26=0),"",D26/E26) | H26: =IF(G14="","",G14-G9) | I26: =IF(N14="","",N14-N9)
C27: 2024 | D27: =H16 | E27: =O16 | F27: =IF(OR(D27="",E27=""),"",D27-E27) | G27: =IF(OR(D27="",E27="",E27=0),"",D27/E27) | H27: =IF(H14="","",H14-H9) | I27: =IF(O14="","",O14-O9) | K27: 차트는 아래에 자동으로 그려집니다. 데이터를 입력하면 선이 나타납니다.
C28: 2025 | D28: =I16 | E28: =P16 | F28: =IF(OR(D28="",E28=""),"",D28-E28) | G28: =IF(OR(D28="",E28="",E28=0),"",D28/E28) | H28: =IF(I14="","",I14-I9) | I28: =IF(P14="","",P14-P9)
C29: 6개년 평균 | D29: =IFERROR(AVERAGE(D23:D28),"") | E29: =IFERROR(AVERAGE(E23:E28),"") | F29: =IFERROR(AVERAGE(F23:F28),"") | G29: =IFERROR(AVERAGE(G23:G28),"") | H29: =IFERROR(AVERAGE(H23:H28),"") | I29: =IFERROR(AVERAGE(I23:I28),"")
C30: 최대 | D30: =IFERROR(MAX(D23:D28),"") -> 0 | E30: =IFERROR(MAX(E23:E28),"") -> 0 | F30: =IFERROR(MAX(F23:F28),"") -> 0 | G30: =IFERROR(MAX(G23:G28),"") -> 0 | H30: =IFERROR(MAX(H23:H28),"") -> 0 | I30: =IFERROR(MAX(I23:I28),"") -> 0
C31: 최소 | D31: =IFERROR(MIN(D23:D28),"") -> 0 | E31: =IFERROR(MIN(E23:E28),"") -> 0 | F31: =IFERROR(MIN(F23:F28),"") -> 0 | G31: =IFERROR(MIN(G23:G28),"") -> 0 | H31: =IFERROR(MIN(H23:H28),"") -> 0 | I31: =IFERROR(MIN(I23:I28),"") -> 0
C48: ■ 해석 (Chapter Report에 옮겨 적을 내용)
C49: (1) 대상기업 PBR이 1보다 크(작)게 유지되는 이유를 재무상태표에 없는 자산(브랜드·기술·R&D 등)과 부채(우발부채·지급보증 등)의 관점에서 설명해 보세요.
C52: (2) 두 기업의 PBR 차이(F열)와 상대 PBR(G열)이 6년 동안 어떻게 움직였나요? 같이 움직였다면 산업(톡신·필러 수요와 수출 사이클, 규제) 요인, 따로 움직였다면 기업 고유 요인(소송·허가·지배구조)입니다.
C55: (3)PBR이 크게 변한 해를 고르고, 그 해의 2-1 시트 분석적 검토(30% 이상 변동 계정)와 연결되는 항목이 있는지 찾아보세요.
C59: 자료 출처 (주가·주식수 조회처 · 조회일자)

Sheet 3-1_손익계산서
B1: [3장 과제 ①] 손익계산서 입력과 공통형 분석 (6개년, 연결)
B2: 단위: 백만원 (EPS는 원). 사업보고서 연결포괄손익계산서에서 옮겨 적습니다. 노란 칸은 입력, 회색은 수식. 공통형은 매출액 = 100%. 법인세비용은 세전이익 − 계속영업순이익으로 역산하므로 중단영업손익이 있으면 반드시 입력하세요.
D4: 대상기업 (메디톡스) | K4: 비교기업 (휴젤) | S4: 공통형 (매출액 = 100%) | T4: 대상기업 | AA4: 비교기업
C5: 항목 (연결손익계산서) | D5: 2020 | E5: 2021 | F5: 2022 | G5: 2023 | H5: 2024 | I5: 2025 | K5: 2020 | L5: 2021 | M5: 2022 | N5: 2023 | O5: 2024 | P5: 2025 | S5: 항목 | T5: 2020 | U5: 2021 | V5: 2022 | W5: 2023 | X5: 2024 | Y5: 2025 | AA5: 2020 | AB5: 2021 | AC5: 2022 | AD5: 2023 | AE5: 2024 | AF5: 2025
C6: 매출액 | S6: 매출액 | T6: =IF(OR(D$6="",D$6=0),"",D6/D$6) | U6: =IF(OR(E$6="",E$6=0),"",E6/E$6) | V6: =IF(OR(F$6="",F$6=0),"",F6/F$6) | W6: =IF(OR(G$6="",G$6=0),"",G6/G$6) | X6: =IF(OR(H$6="",H$6=0),"",H6/H$6) | Y6: =IF(OR(I$6="",I$6=0),"",I6/I$6) | AA6: =IF(OR(K$6="",K$6=0),"",K6/K$6) | AB6: =IF(OR(L$6="",L$6=0),"",L6/L$6) | AC6: =IF(OR(M$6="",M$6=0),"",M6/M$6) | AD6: =IF(OR(N$6="",N$6=0),"",N6/N$6) | AE6: =IF(OR(O$6="",O$6=0),"",O6/O$6) | AF6: =IF(OR(P$6="",P$6=0),"",P6/P$6)
C7: 매출원가 | S7: 매출원가 | T7: =IF(OR(D$6="",D$6=0),"",D7/D$6) | U7: =IF(OR(E$6="",E$6=0),"",E7/E$6) | V7: =IF(OR(F$6="",F$6=0),"",F7/F$6) | W7: =IF(OR(G$6="",G$6=0),"",G7/G$6) | X7: =IF(OR(H$6="",H$6=0),"",H7/H$6) | Y7: =IF(OR(I$6="",I$6=0),"",I7/I$6) | AA7: =IF(OR(K$6="",K$6=0),"",K7/K$6) | AB7: =IF(OR(L$6="",L$6=0),"",L7/L$6) | AC7: =IF(OR(M$6="",M$6=0),"",M7/M$6) | AD7: =IF(OR(N$6="",N$6=0),"",N7/N$6) | AE7: =IF(OR(O$6="",O$6=0),"",O7/O$6) | AF7: =IF(OR(P$6="",P$6=0),"",P7/P$6)
C8: 매출총이익 (= 매출액 − 매출원가) | D8: =D6-D7 -> 0 | E8: =E6-E7 -> 0 | F8: =F6-F7 -> 0 | G8: =G6-G7 -> 0 | H8: =H6-H7 -> 0 | I8: =I6-I7 -> 0 | K8: =K6-K7 -> 0 | L8: =L6-L7 -> 0 | M8: =M6-M7 -> 0 | N8: =N6-N7 -> 0 | O8: =O6-O7 -> 0 | P8: =P6-P7 -> 0 | S8: 매출총이익 | T8: =IF(OR(D$6="",D$6=0),"",D8/D$6) | U8: =IF(OR(E$6="",E$6=0),"",E8/E$6) | V8: =IF(OR(F$6="",F$6=0),"",F8/F$6) | W8: =IF(OR(G$6="",G$6=0),"",G8/G$6) | X8: =IF(OR(H$6="",H$6=0),"",H8/H$6) | Y8: =IF(OR(I$6="",I$6=0),"",I8/I$6) | AA8: =IF(OR(K$6="",K$6=0),"",K8/K$6) | AB8: =IF(OR(L$6="",L$6=0),"",L8/L$6) | AC8: =IF(OR(M$6="",M$6=0),"",M8/M$6) | AD8: =IF(OR(N$6="",N$6=0),"",N8/N$6) | AE8: =IF(OR(O$6="",O$6=0),"",O8/O$6) | AF8: =IF(OR(P$6="",P$6=0),"",P8/P$6)
C9: 판매비와관리비 | S9: 판매비와관리비 | T9: =IF(OR(D$6="",D$6=0),"",D9/D$6) | U9: =IF(OR(E$6="",E$6=0),"",E9/E$6) | V9: =IF(OR(F$6="",F$6=0),"",F9/F$6) | W9: =IF(OR(G$6="",G$6=0),"",G9/G$6) | X9: =IF(OR(H$6="",H$6=0),"",H9/H$6) | Y9: =IF(OR(I$6="",I$6=0),"",I9/I$6) | AA9: =IF(OR(K$6="",K$6=0),"",K9/K$6) | AB9: =IF(OR(L$6="",L$6=0),"",L9/L$6) | AC9: =IF(OR(M$6="",M$6=0),"",M9/M$6) | AD9: =IF(OR(N$6="",N$6=0),"",N9/N$6) | AE9: =IF(OR(O$6="",O$6=0),"",O9/O$6) | AF9: =IF(OR(P$6="",P$6=0),"",P9/P$6)
C10: 영업이익 (= 매출총이익 − 판관비) | D10: =D8-D9 -> 0 | E10: =E8-E9 -> 0 | F10: =F8-F9 -> 0 | G10: =G8-G9 -> 0 | H10: =H8-H9 -> 0 | I10: =I8-I9 -> 0 | K10: =K8-K9 -> 0 | L10: =L8-L9 -> 0 | M10: =M8-M9 -> 0 | N10: =N8-N9 -> 0 | O10: =O8-O9 -> 0 | P10: =P8-P9 -> 0 | S10: 영업이익 | T10: =IF(OR(D$6="",D$6=0),"",D10/D$6) | U10: =IF(OR(E$6="",E$6=0),"",E10/E$6) | V10: =IF(OR(F$6="",F$6=0),"",F10/F$6) | W10: =IF(OR(G$6="",G$6=0),"",G10/G$6) | X10: =IF(OR(H$6="",H$6=0),"",H10/H$6) | Y10: =IF(OR(I$6="",I$6=0),"",I10/I$6) | AA10: =IF(OR(K$6="",K$6=0),"",K10/K$6) | AB10: =IF(OR(L$6="",L$6=0),"",L10/L$6) | AC10: =IF(OR(M$6="",M$6=0),"",M10/M$6) | AD10: =IF(OR(N$6="",N$6=0),"",N10/N$6) | AE10: =IF(OR(O$6="",O$6=0),"",O10/O$6) | AF10: =IF(OR(P$6="",P$6=0),"",P10/P$6)
C11: 기타수익 | T11: =IF(OR(D$6="",D$6=0),"",D11/D$6) | U11: =IF(OR(E$6="",E$6=0),"",E11/E$6) | V11: =IF(OR(F$6="",F$6=0),"",F11/F$6) | W11: =IF(OR(G$6="",G$6=0),"",G11/G$6) | X11: =IF(OR(H$6="",H$6=0),"",H11/H$6) | Y11: =IF(OR(I$6="",I$6=0),"",I11/I$6) | AA11: =IF(OR(K$6="",K$6=0),"",K11/K$6) | AB11: =IF(OR(L$6="",L$6=0),"",L11/L$6) | AC11: =IF(OR(M$6="",M$6=0),"",M11/M$6) | AD11: =IF(OR(N$6="",N$6=0),"",N11/N$6) | AE11: =IF(OR(O$6="",O$6=0),"",O11/O$6) | AF11: =IF(OR(P$6="",P$6=0),"",P11/P$6)
C12: 기타비용 | T12: =IF(OR(D$6="",D$6=0),"",D12/D$6) | U12: =IF(OR(E$6="",E$6=0),"",E12/E$6) | V12: =IF(OR(F$6="",F$6=0),"",F12/F$6) | W12: =IF(OR(G$6="",G$6=0),"",G12/G$6) | X12: =IF(OR(H$6="",H$6=0),"",H12/H$6) | Y12: =IF(OR(I$6="",I$6=0),"",I12/I$6) | AA12: =IF(OR(K$6="",K$6=0),"",K12/K$6) | AB12: =IF(OR(L$6="",L$6=0),"",L12/L$6) | AC12: =IF(OR(M$6="",M$6=0),"",M12/M$6) | AD12: =IF(OR(N$6="",N$6=0),"",N12/N$6) | AE12: =IF(OR(O$6="",O$6=0),"",O12/O$6) | AF12: =IF(OR(P$6="",P$6=0),"",P12/P$6)
C13: 금융수익 | S13: 금융수익 | T13: =IF(OR(D$6="",D$6=0),"",D13/D$6) | U13: =IF(OR(E$6="",E$6=0),"",E13/E$6) | V13: =IF(OR(F$6="",F$6=0),"",F13/F$6) | W13: =IF(OR(G$6="",G$6=0),"",G13/G$6) | X13: =IF(OR(H$6="",H$6=0),"",H13/H$6) | Y13: =IF(OR(I$6="",I$6=0),"",I13/I$6) | AA13: =IF(OR(K$6="",K$6=0),"",K13/K$6) | AB13: =IF(OR(L$6="",L$6=0),"",L13/L$6) | AC13: =IF(OR(M$6="",M$6=0),"",M13/M$6) | AD13: =IF(OR(N$6="",N$6=0),"",N13/N$6) | AE13: =IF(OR(O$6="",O$6=0),"",O13/O$6) | AF13: =IF(OR(P$6="",P$6=0),"",P13/P$6)
C14: 금융원가(금융비용) | S14: 금융비용 | T14: =IF(OR(D$6="",D$6=0),"",D14/D$6) | U14: =IF(OR(E$6="",E$6=0),"",E14/E$6) | V14: =IF(OR(F$6="",F$6=0),"",F14/F$6) | W14: =IF(OR(G$6="",G$6=0),"",G14/G$6) | X14: =IF(OR(H$6="",H$6=0),"",H14/H$6) | Y14: =IF(OR(I$6="",I$6=0),"",I14/I$6) | AA14: =IF(OR(K$6="",K$6=0),"",K14/K$6) | AB14: =IF(OR(L$6="",L$6=0),"",L14/L$6) | AC14: =IF(OR(M$6="",M$6=0),"",M14/M$6) | AD14: =IF(OR(N$6="",N$6=0),"",N14/N$6) | AE14: =IF(OR(O$6="",O$6=0),"",O14/O$6) | AF14: =IF(OR(P$6="",P$6=0),"",P14/P$6)
C15: 지분법손익 | T15: =IF(OR(D$6="",D$6=0),"",D15/D$6) | U15: =IF(OR(E$6="",E$6=0),"",E15/E$6) | V15: =IF(OR(F$6="",F$6=0),"",F15/F$6) | W15: =IF(OR(G$6="",G$6=0),"",G15/G$6) | X15: =IF(OR(H$6="",H$6=0),"",H15/H$6) | Y15: =IF(OR(I$6="",I$6=0),"",I15/I$6) | AA15: =IF(OR(K$6="",K$6=0),"",K15/K$6) | AB15: =IF(OR(L$6="",L$6=0),"",L15/L$6) | AC15: =IF(OR(M$6="",M$6=0),"",M15/M$6) | AD15: =IF(OR(N$6="",N$6=0),"",N15/N$6) | AE15: =IF(OR(O$6="",O$6=0),"",O15/O$6) | AF15: =IF(OR(P$6="",P$6=0),"",P15/P$6)
C16: 영업외손익 합계 (= 기타수익 − 기타비용 + 금융수익 − 금융원가 + 지분법손익) | D16: =IF(D17="","",N(D11)-N(D12)+N(D13)-N(D14)+N(D15)) | E16: =IF(E17="","",N(E11)-N(E12)+N(E13)-N(E14)+N(E15)) | F16: =IF(F17="","",N(F11)-N(F12)+N(F13)-N(F14)+N(F15)) | G16: =IF(G17="","",N(G11)-N(G12)+N(G13)-N(G14)+N(G15)) | H16: =IF(H17="","",N(H11)-N(H12)+N(H13)-N(H14)+N(H15)) | I16: =IF(I17="","",N(I11)-N(I12)+N(I13)-N(I14)+N(I15)) | K16: =IF(K17="","",N(K11)-N(K12)+N(K13)-N(K14)+N(K15)) | L16: =IF(L17="","",N(L11)-N(L12)+N(L13)-N(L14)+N(L15)) | M16: =IF(M17="","",N(M11)-N(M12)+N(M13)-N(M14)+N(M15)) | N16: =IF(N17="","",N(N11)-N(N12)+N(N13)-N(N14)+N(N15)) | O16: =IF(O17="","",N(O11)-N(O12)+N(O13)-N(O14)+N(O15)) | P16: =IF(P17="","",N(P11)-N(P12)+N(P13)-N(P14)+N(P15)) | S16: 기타영업외손익 순액 | T16: =IF(OR(D$6="",D$6=0),"",D16/D$6) | U16: =IF(OR(E$6="",E$6=0),"",E16/E$6) | V16: =IF(OR(F$6="",F$6=0),"",F16/F$6) | W16: =IF(OR(G$6="",G$6=0),"",G16/G$6) | X16: =IF(OR(H$6="",H$6=0),"",H16/H$6) | Y16: =IF(OR(I$6="",I$6=0),"",I16/I$6) | AA16: =IF(OR(K$6="",K$6=0),"",K16/K$6) | AB16: =IF(OR(L$6="",L$6=0),"",L16/L$6) | AC16: =IF(OR(M$6="",M$6=0),"",M16/M$6) | AD16: =IF(OR(N$6="",N$6=0),"",N16/N$6) | AE16: =IF(OR(O$6="",O$6=0),"",O16/O$6) | AF16: =IF(OR(P$6="",P$6=0),"",P16/P$6)
C17: 법인세비용차감전순이익 | S17: 법인세비용차감전순이익 | T17: =IF(OR(D$6="",D$6=0),"",D17/D$6) | U17: =IF(OR(E$6="",E$6=0),"",E17/E$6) | V17: =IF(OR(F$6="",F$6=0),"",F17/F$6) | W17: =IF(OR(G$6="",G$6=0),"",G17/G$6) | X17: =IF(OR(H$6="",H$6=0),"",H17/H$6) | Y17: =IF(OR(I$6="",I$6=0),"",I17/I$6) | AA17: =IF(OR(K$6="",K$6=0),"",K17/K$6) | AB17: =IF(OR(L$6="",L$6=0),"",L17/L$6) | AC17: =IF(OR(M$6="",M$6=0),"",M17/M$6) | AD17: =IF(OR(N$6="",N$6=0),"",N17/N$6) | AE17: =IF(OR(O$6="",O$6=0),"",O17/O$6) | AF17: =IF(OR(P$6="",P$6=0),"",P17/P$6)
C18: 법인세비용 (= 세전이익 − 계속영업순이익) | D18: =IF(OR(D17="",D20=""),"",D17-(D20-N(D19))) | E18: =IF(OR(E17="",E20=""),"",E17-(E20-N(E19))) | F18: =IF(OR(F17="",F20=""),"",F17-(F20-N(F19))) | G18: =IF(OR(G17="",G20=""),"",G17-(G20-N(G19))) | H18: =IF(OR(H17="",H20=""),"",H17-(H20-N(H19))) | I18: =IF(OR(I17="",I20=""),"",I17-(I20-N(I19))) | K18: =IF(OR(K17="",K20=""),"",K17-(K20-N(K19))) | L18: =IF(OR(L17="",L20=""),"",L17-(L20-N(L19))) | M18: =IF(OR(M17="",M20=""),"",M17-(M20-N(M19))) | N18: =IF(OR(N17="",N20=""),"",N17-(N20-N(N19))) | O18: =IF(OR(O17="",O20=""),"",O17-(O20-N(O19))) | P18: =IF(OR(P17="",P20=""),"",P17-(P20-N(P19))) | S18: 법인세비용 | T18: =IF(OR(D$6="",D$6=0),"",D18/D$6) | U18: =IF(OR(E$6="",E$6=0),"",E18/E$6) | V18: =IF(OR(F$6="",F$6=0),"",F18/F$6) | W18: =IF(OR(G$6="",G$6=0),"",G18/G$6) | X18: =IF(OR(H$6="",H$6=0),"",H18/H$6) | Y18: =IF(OR(I$6="",I$6=0),"",I18/I$6) | AA18: =IF(OR(K$6="",K$6=0),"",K18/K$6) | AB18: =IF(OR(L$6="",L$6=0),"",L18/L$6) | AC18: =IF(OR(M$6="",M$6=0),"",M18/M$6) | AD18: =IF(OR(N$6="",N$6=0),"",N18/N$6) | AE18: =IF(OR(O$6="",O$6=0),"",O18/O$6) | AF18: =IF(OR(P$6="",P$6=0),"",P18/P$6)
C19: 중단영업손익 (세후, 해당 없으면 0) | T19: =IF(OR(D$6="",D$6=0),"",D19/D$6) | U19: =IF(OR(E$6="",E$6=0),"",E19/E$6) | V19: =IF(OR(F$6="",F$6=0),"",F19/F$6) | W19: =IF(OR(G$6="",G$6=0),"",G19/G$6) | X19: =IF(OR(H$6="",H$6=0),"",H19/H$6) | Y19: =IF(OR(I$6="",I$6=0),"",I19/I$6) | AA19: =IF(OR(K$6="",K$6=0),"",K19/K$6) | AB19: =IF(OR(L$6="",L$6=0),"",L19/L$6) | AC19: =IF(OR(M$6="",M$6=0),"",M19/M$6) | AD19: =IF(OR(N$6="",N$6=0),"",N19/N$6) | AE19: =IF(OR(O$6="",O$6=0),"",O19/O$6) | AF19: =IF(OR(P$6="",P$6=0),"",P19/P$6)
C20: 당기순이익 | S20: 당기순이익 | T20: =IF(OR(D$6="",D$6=0),"",D20/D$6) | U20: =IF(OR(E$6="",E$6=0),"",E20/E$6) | V20: =IF(OR(F$6="",F$6=0),"",F20/F$6) | W20: =IF(OR(G$6="",G$6=0),"",G20/G$6) | X20: =IF(OR(H$6="",H$6=0),"",H20/H$6) | Y20: =IF(OR(I$6="",I$6=0),"",I20/I$6) | AA20: =IF(OR(K$6="",K$6=0),"",K20/K$6) | AB20: =IF(OR(L$6="",L$6=0),"",L20/L$6) | AC20: =IF(OR(M$6="",M$6=0),"",M20/M$6) | AD20: =IF(OR(N$6="",N$6=0),"",N20/N$6) | AE20: =IF(OR(O$6="",O$6=0),"",O20/O$6) | AF20: =IF(OR(P$6="",P$6=0),"",P20/P$6)
C21: 지배기업 소유주지분 순이익 | S21: 지배기업 소유주지분 순이익 | T21: =IF(OR(D$6="",D$6=0),"",D21/D$6) | U21: =IF(OR(E$6="",E$6=0),"",E21/E$6) | V21: =IF(OR(F$6="",F$6=0),"",F21/F$6) | W21: =IF(OR(G$6="",G$6=0),"",G21/G$6) | X21: =IF(OR(H$6="",H$6=0),"",H21/H$6) | Y21: =IF(OR(I$6="",I$6=0),"",I21/I$6) | AA21: =IF(OR(K$6="",K$6=0),"",K21/K$6) | AB21: =IF(OR(L$6="",L$6=0),"",L21/L$6) | AC21: =IF(OR(M$6="",M$6=0),"",M21/M$6) | AD21: =IF(OR(N$6="",N$6=0),"",N21/N$6) | AE21: =IF(OR(O$6="",O$6=0),"",O21/O$6) | AF21: =IF(OR(P$6="",P$6=0),"",P21/P$6)
C22: 비지배지분 순이익 (= 당기순이익 − 지배주주순이익) | D22: =IF(OR(D20="",D21=""),"",D20-D21) | E22: =IF(OR(E20="",E21=""),"",E20-E21) | F22: =IF(OR(F20="",F21=""),"",F20-F21) | G22: =IF(OR(G20="",G21=""),"",G20-G21) | H22: =IF(OR(H20="",H21=""),"",H20-H21) | I22: =IF(OR(I20="",I21=""),"",I20-I21) | K22: =IF(OR(K20="",K21=""),"",K20-K21) | L22: =IF(OR(L20="",L21=""),"",L20-L21) | M22: =IF(OR(M20="",M21=""),"",M20-M21) | N22: =IF(OR(N20="",N21=""),"",N20-N21) | O22: =IF(OR(O20="",O21=""),"",O20-O21) | P22: =IF(OR(P20="",P21=""),"",P20-P21) | S22: 비지배지분 순이익 | T22: =IF(OR(D$6="",D$6=0),"",D22/D$6) | U22: =IF(OR(E$6="",E$6=0),"",E22/E$6) | V22: =IF(OR(F$6="",F$6=0),"",F22/F$6) | W22: =IF(OR(G$6="",G$6=0),"",G22/G$6) | X22: =IF(OR(H$6="",H$6=0),"",H22/H$6) | Y22: =IF(OR(I$6="",I$6=0),"",I22/I$6) | AA22: =IF(OR(K$6="",K$6=0),"",K22/K$6) | AB22: =IF(OR(L$6="",L$6=0),"",L22/L$6) | AC22: =IF(OR(M$6="",M$6=0),"",M22/M$6) | AD22: =IF(OR(N$6="",N$6=0),"",N22/N$6) | AE22: =IF(OR(O$6="",O$6=0),"",O22/O$6) | AF22: =IF(OR(P$6="",P$6=0),"",P22/P$6)
C23: 기본주당이익 EPS (원, 보통주)
C24: 희석주당이익 (원, 보통주)
C25: 검증: 계산 영업이익 = 사업보고서 공시 영업이익 | D25: =IF(D6="","",IF(ABS(D10-(-37069.534839))<1,"OK","확인")) | E25: =IF(E6="","",IF(ABS(E10-(34491.517174))<1,"OK","확인")) | F25: =IF(F6="","",IF(ABS(F10-(46664.445))<1,"OK","확인")) | G25: =IF(G6="","",IF(ABS(G10-(17322.328805))<1,"OK","확인")) | H25: =IF(H6="","",IF(ABS(H10-(20348.722593))<1,"OK","확인")) | I25: =IF(I6="","",IF(ABS(I10-(17004.372389))<1,"OK","확인")) | K25: =IF(K6="","",IF(ABS(K10-(78059.792591))<1,"OK","확인")) | L25: =IF(L6="","",IF(ABS(L10-(95611.343317))<1,"OK","확인")) | M25: =IF(M6="","",IF(ABS(M10-(101378.493271))<1,"OK","확인")) | N25: =IF(N6="","",IF(ABS(N10-(117781.785955))<1,"OK","확인")) | O25: =IF(O6="","",IF(ABS(O10-(166229.170618))<1,"OK","확인")) | P25: =IF(P6="","",IF(ABS(P10-(200851.332915))<1,"OK","확인")) | S25: (참고) R&D ÷ 매출액 · 광고비 ÷ 매출액 · 감가상각비 ÷ 매출액은 3-2 시트에서
C26: 검증: 세전이익 = 영업이익 + 영업외손익 합계 | D26: =IF(OR(D17="",D10=""),"",IF(ABS(D17-(D10+D16))<1,"OK","확인")) | E26: =IF(OR(E17="",E10=""),"",IF(ABS(E17-(E10+E16))<1,"OK","확인")) | F26: =IF(OR(F17="",F10=""),"",IF(ABS(F17-(F10+F16))<1,"OK","확인")) | G26: =IF(OR(G17="",G10=""),"",IF(ABS(G17-(G10+G16))<1,"OK","확인")) | H26: =IF(OR(H17="",H10=""),"",IF(ABS(H17-(H10+H16))<1,"OK","확인")) | I26: =IF(OR(I17="",I10=""),"",IF(ABS(I17-(I10+I16))<1,"OK","확인")) | K26: =IF(OR(K17="",K10=""),"",IF(ABS(K17-(K10+K16))<1,"OK","확인")) | L26: =IF(OR(L17="",L10=""),"",IF(ABS(L17-(L10+L16))<1,"OK","확인")) | M26: =IF(OR(M17="",M10=""),"",IF(ABS(M17-(M10+M16))<1,"OK","확인")) | N26: =IF(OR(N17="",N10=""),"",IF(ABS(N17-(N10+N16))<1,"OK","확인")) | O26: =IF(OR(O17="",O10=""),"",IF(ABS(O17-(O10+O16))<1,"OK","확인")) | P26: =IF(OR(P17="",P10=""),"",IF(ABS(P17-(P10+P16))<1,"OK","확인"))
C28: ■ 전년 대비 증감율 (시계열 분석적 검토) — 30% 이상 변동은 빨간색으로 표시하고 원인을 주석에서 찾으세요 [Ch03 슬라이드 18]
C29: 항목 | E29: 2021 | F29: 2022 | G29: 2023 | H29: 2024 | I29: 2025 | L29: 2021 | M29: 2022 | N29: 2023 | O29: 2024 | P29: 2025
C30: 매출액 | E30: =IF(OR(E6="",D6="",D6=0),"",E6/ABS(D6)-1) | F30: =IF(OR(F6="",E6="",E6=0),"",F6/ABS(E6)-1) | G30: =IF(OR(G6="",F6="",F6=0),"",G6/ABS(F6)-1) | H30: =IF(OR(H6="",G6="",G6=0),"",H6/ABS(G6)-1) | I30: =IF(OR(I6="",H6="",H6=0),"",I6/ABS(H6)-1) | L30: =IF(OR(L6="",K6="",K6=0),"",L6/ABS(K6)-1) | M30: =IF(OR(M6="",L6="",L6=0),"",M6/ABS(L6)-1) | N30: =IF(OR(N6="",M6="",M6=0),"",N6/ABS(M6)-1) | O30: =IF(OR(O6="",N6="",N6=0),"",O6/ABS(N6)-1) | P30: =IF(OR(P6="",O6="",O6=0),"",P6/ABS(O6)-1)
C31: 매출원가 | E31: =IF(OR(E7="",D7="",D7=0),"",E7/ABS(D7)-1) | F31: =IF(OR(F7="",E7="",E7=0),"",F7/ABS(E7)-1) | G31: =IF(OR(G7="",F7="",F7=0),"",G7/ABS(F7)-1) | H31: =IF(OR(H7="",G7="",G7=0),"",H7/ABS(G7)-1) | I31: =IF(OR(I7="",H7="",H7=0),"",I7/ABS(H7)-1) | L31: =IF(OR(L7="",K7="",K7=0),"",L7/ABS(K7)-1) | M31: =IF(OR(M7="",L7="",L7=0),"",M7/ABS(L7)-1) | N31: =IF(OR(N7="",M7="",M7=0),"",N7/ABS(M7)-1) | O31: =IF(OR(O7="",N7="",N7=0),"",O7/ABS(N7)-1) | P31: =IF(OR(P7="",O7="",O7=0),"",P7/ABS(O7)-1)
C32: 매출총이익 | E32: =IF(OR(E8="",D8="",D8=0),"",E8/ABS(D8)-1) | F32: =IF(OR(F8="",E8="",E8=0),"",F8/ABS(E8)-1) | G32: =IF(OR(G8="",F8="",F8=0),"",G8/ABS(F8)-1) | H32: =IF(OR(H8="",G8="",G8=0),"",H8/ABS(G8)-1) | I32: =IF(OR(I8="",H8="",H8=0),"",I8/ABS(H8)-1) | L32: =IF(OR(L8="",K8="",K8=0),"",L8/ABS(K8)-1) | M32: =IF(OR(M8="",L8="",L8=0),"",M8/ABS(L8)-1) | N32: =IF(OR(N8="",M8="",M8=0),"",N8/ABS(M8)-1) | O32: =IF(OR(O8="",N8="",N8=0),"",O8/ABS(N8)-1) | P32: =IF(OR(P8="",O8="",O8=0),"",P8/ABS(O8)-1)
C33: 판매비와관리비 | E33: =IF(OR(E9="",D9="",D9=0),"",E9/ABS(D9)-1) | F33: =IF(OR(F9="",E9="",E9=0),"",F9/ABS(E9)-1) | G33: =IF(OR(G9="",F9="",F9=0),"",G9/ABS(F9)-1) | H33: =IF(OR(H9="",G9="",G9=0),"",H9/ABS(G9)-1) | I33: =IF(OR(I9="",H9="",H9=0),"",I9/ABS(H9)-1) | L33: =IF(OR(L9="",K9="",K9=0),"",L9/ABS(K9)-1) | M33: =IF(OR(M9="",L9="",L9=0),"",M9/ABS(L9)-1) | N33: =IF(OR(N9="",M9="",M9=0),"",N9/ABS(M9)-1) | O33: =IF(OR(O9="",N9="",N9=0),"",O9/ABS(N9)-1) | P33: =IF(OR(P9="",O9="",O9=0),"",P9/ABS(O9)-1)
C34: 영업이익 | E34: =IF(OR(E10="",D10="",D10=0),"",E10/ABS(D10)-1) | F34: =IF(OR(F10="",E10="",E10=0),"",F10/ABS(E10)-1) | G34: =IF(OR(G10="",F10="",F10=0),"",G10/ABS(F10)-1) | H34: =IF(OR(H10="",G10="",G10=0),"",H10/ABS(G10)-1) | I34: =IF(OR(I10="",H10="",H10=0),"",I10/ABS(H10)-1) | L34: =IF(OR(L10="",K10="",K10=0),"",L10/ABS(K10)-1) | M34: =IF(OR(M10="",L10="",L10=0),"",M10/ABS(L10)-1) | N34: =IF(OR(N10="",M10="",M10=0),"",N10/ABS(M10)-1) | O34: =IF(OR(O10="",N10="",N10=0),"",O10/ABS(N10)-1) | P34: =IF(OR(P10="",O10="",O10=0),"",P10/ABS(O10)-1)
C35: 기타수익 | E35: =IF(OR(E11="",D11="",D11=0),"",E11/ABS(D11)-1) | F35: =IF(OR(F11="",E11="",E11=0),"",F11/ABS(E11)-1) | G35: =IF(OR(G11="",F11="",F11=0),"",G11/ABS(F11)-1) | H35: =IF(OR(H11="",G11="",G11=0),"",H11/ABS(G11)-1) | I35: =IF(OR(I11="",H11="",H11=0),"",I11/ABS(H11)-1) | L35: =IF(OR(L11="",K11="",K11=0),"",L11/ABS(K11)-1) | M35: =IF(OR(M11="",L11="",L11=0),"",M11/ABS(L11)-1) | N35: =IF(OR(N11="",M11="",M11=0),"",N11/ABS(M11)-1) | O35: =IF(OR(O11="",N11="",N11=0),"",O11/ABS(N11)-1) | P35: =IF(OR(P11="",O11="",O11=0),"",P11/ABS(O11)-1)
C36: 기타비용 | E36: =IF(OR(E12="",D12="",D12=0),"",E12/ABS(D12)-1) | F36: =IF(OR(F12="",E12="",E12=0),"",F12/ABS(E12)-1) | G36: =IF(OR(G12="",F12="",F12=0),"",G12/ABS(F12)-1) | H36: =IF(OR(H12="",G12="",G12=0),"",H12/ABS(G12)-1) | I36: =IF(OR(I12="",H12="",H12=0),"",I12/ABS(H12)-1) | L36: =IF(OR(L12="",K12="",K12=0),"",L12/ABS(K12)-1) | M36: =IF(OR(M12="",L12="",L12=0),"",M12/ABS(L12)-1) | N36: =IF(OR(N12="",M12="",M12=0),"",N12/ABS(M12)-1) | O36: =IF(OR(O12="",N12="",N12=0),"",O12/ABS(N12)-1) | P36: =IF(OR(P12="",O12="",O12=0),"",P12/ABS(O12)-1)
C37: 금융수익 | E37: =IF(OR(E13="",D13="",D13=0),"",E13/ABS(D13)-1) | F37: =IF(OR(F13="",E13="",E13=0),"",F13/ABS(E13)-1) | G37: =IF(OR(G13="",F13="",F13=0),"",G13/ABS(F13)-1) | H37: =IF(OR(H13="",G13="",G13=0),"",H13/ABS(G13)-1) | I37: =IF(OR(I13="",H13="",H13=0),"",I13/ABS(H13)-1) | L37: =IF(OR(L13="",K13="",K13=0),"",L13/ABS(K13)-1) | M37: =IF(OR(M13="",L13="",L13=0),"",M13/ABS(L13)-1) | N37: =IF(OR(N13="",M13="",M13=0),"",N13/ABS(M13)-1) | O37: =IF(OR(O13="",N13="",N13=0),"",O13/ABS(N13)-1) | P37: =IF(OR(P13="",O13="",O13=0),"",P13/ABS(O13)-1)
C38: 금융원가 | E38: =IF(OR(E14="",D14="",D14=0),"",E14/ABS(D14)-1) | F38: =IF(OR(F14="",E14="",E14=0),"",F14/ABS(E14)-1) | G38: =IF(OR(G14="",F14="",F14=0),"",G14/ABS(F14)-1) | H38: =IF(OR(H14="",G14="",G14=0),"",H14/ABS(G14)-1) | I38: =IF(OR(I14="",H14="",H14=0),"",I14/ABS(H14)-1) | L38: =IF(OR(L14="",K14="",K14=0),"",L14/ABS(K14)-1) | M38: =IF(OR(M14="",L14="",L14=0),"",M14/ABS(L14)-1) | N38: =IF(OR(N14="",M14="",M14=0),"",N14/ABS(M14)-1) | O38: =IF(OR(O14="",N14="",N14=0),"",O14/ABS(N14)-1) | P38: =IF(OR(P14="",O14="",O14=0),"",P14/ABS(O14)-1)
C39: 지분법손익 | E39: =IF(OR(E15="",D15="",D15=0),"",E15/ABS(D15)-1) | F39: =IF(OR(F15="",E15="",E15=0),"",F15/ABS(E15)-1) | G39: =IF(OR(G15="",F15="",F15=0),"",G15/ABS(F15)-1) | H39: =IF(OR(H15="",G15="",G15=0),"",H15/ABS(G15)-1) | I39: =IF(OR(I15="",H15="",H15=0),"",I15/ABS(H15)-1) | L39: =IF(OR(L15="",K15="",K15=0),"",L15/ABS(K15)-1) | M39: =IF(OR(M15="",L15="",L15=0),"",M15/ABS(L15)-1) | N39: =IF(OR(N15="",M15="",M15=0),"",N15/ABS(M15)-1) | O39: =IF(OR(O15="",N15="",N15=0),"",O15/ABS(N15)-1) | P39: =IF(OR(P15="",O15="",O15=0),"",P15/ABS(O15)-1)
C40: 영업외손익 합계 | E40: =IF(OR(E16="",D16="",D16=0),"",E16/ABS(D16)-1) | F40: =IF(OR(F16="",E16="",E16=0),"",F16/ABS(E16)-1) | G40: =IF(OR(G16="",F16="",F16=0),"",G16/ABS(F16)-1) | H40: =IF(OR(H16="",G16="",G16=0),"",H16/ABS(G16)-1) | I40: =IF(OR(I16="",H16="",H16=0),"",I16/ABS(H16)-1) | L40: =IF(OR(L16="",K16="",K16=0),"",L16/ABS(K16)-1) | M40: =IF(OR(M16="",L16="",L16=0),"",M16/ABS(L16)-1) | N40: =IF(OR(N16="",M16="",M16=0),"",N16/ABS(M16)-1) | O40: =IF(OR(O16="",N16="",N16=0),"",O16/ABS(N16)-1) | P40: =IF(OR(P16="",O16="",O16=0),"",P16/ABS(O16)-1)
C41: 법인세비용차감전순이익 | E41: =IF(OR(E17="",D17="",D17=0),"",E17/ABS(D17)-1) | F41: =IF(OR(F17="",E17="",E17=0),"",F17/ABS(E17)-1) | G41: =IF(OR(G17="",F17="",F17=0),"",G17/ABS(F17)-1) | H41: =IF(OR(H17="",G17="",G17=0),"",H17/ABS(G17)-1) | I41: =IF(OR(I17="",H17="",H17=0),"",I17/ABS(H17)-1) | L41: =IF(OR(L17="",K17="",K17=0),"",L17/ABS(K17)-1) | M41: =IF(OR(M17="",L17="",L17=0),"",M17/ABS(L17)-1) | N41: =IF(OR(N17="",M17="",M17=0),"",N17/ABS(M17)-1) | O41: =IF(OR(O17="",N17="",N17=0),"",O17/ABS(N17)-1) | P41: =IF(OR(P17="",O17="",O17=0),"",P17/ABS(O17)-1)
... C45: 지배기업 소유주지분 순이익 | E45: =IF(OR(E21="",D21="",D21=0),"",E21/ABS(D21)-1) | F45: =IF(OR(F21="",E21="",E21=0),"",F21/ABS(E21)-1) | G45: =IF(OR(G21="",F21="",F21=0),"",G21/ABS(F21)-1) | H45: =IF(OR(H21="",G21="",G21=0),"",H21/ABS(G21)-1) | I45: =IF(OR(I21="",H21="",H21=0),"",I21/ABS(H21)-1) | L45: =IF(OR(L21="",K21="",K21=0),"",L21/ABS(K21)-1) | M45: =IF(OR(M21="",L21="",L21=0),"",M21/ABS(L21)-1) | N45: =IF(OR(N21="",M21="",M21=0),"",N21/ABS(M21)-1) | O45: =IF(OR(O21="",N21="",N21=0),"",O21/ABS(N21)-1) | P45: =IF(OR(P21="",O21="",O21=0),"",P21/ABS(O21)-1)
C46: 기본주당이익 EPS | E46: =IF(OR(E23="",D23="",D23=0),"",E23/ABS(D23)-1) | F46: =IF(OR(F23="",E23="",E23=0),"",F23/ABS(E23)-1) | G46: =IF(OR(G23="",F23="",F23=0),"",G23/ABS(F23)-1) | H46: =IF(OR(H23="",G23="",G23=0),"",H23/ABS(G23)-1) | I46: =IF(OR(I23="",H23="",H23=0),"",I23/ABS(H23)-1) | L46: =IF(OR(L23="",K23="",K23=0),"",L23/ABS(K23)-1) | M46: =IF(OR(M23="",L23="",L23=0),"",M23/ABS(L23)-1) | N46: =IF(OR(N23="",M23="",M23=0),"",N23/ABS(M23)-1) | O46: =IF(OR(O23="",N23="",N23=0),"",O23/ABS(N23)-1) | P46: =IF(OR(P23="",O23="",O23=0),"",P23/ABS(O23)-1)
C47: 희석주당이익 | E47: =IF(OR(E24="",D24="",D24=0),"",E24/ABS(D24)-1) | F47: =IF(OR(F24="",E24="",E24=0),"",F24/ABS(E24)-1) | G47: =IF(OR(G24="",F24="",F24=0),"",G24/ABS(F24)-1) | H47: =IF(OR(H24="",G24="",G24=0),"",H24/ABS(G24)-1) | I47: =IF(OR(I24="",H24="",H24=0),"",I24/ABS(H24)-1) | L47: =IF(OR(L24="",K24="",K24=0),"",L24/ABS(K24)-1) | M47: =IF(OR(M24="",L24="",L24=0),"",M24/ABS(L24)-1) | N47: =IF(OR(N24="",M24="",M24=0),"",N24/ABS(M24)-1) | O47: =IF(OR(O24="",N24="",N24=0),"",O24/ABS(N24)-1) | P47: =IF(OR(P24="",O24="",O24=0),"",P24/ABS(O24)-1)
R48: 교재 3장 제7절: PER 최저 그룹의 이후 12개월 수익률이 최고 그룹보다 높았다 [슬라이드 20]. PER이 낮다고 곧 저평가는 아니지만 가격결정 오류의 후보라는 뜻. 일회성 손익(소송 합의금, 기술이전 수익, 손상차손)이 큰 해의 EPS로 계산한 PER은 오독되기 쉬우므로 3개년 평균 EPS와 PSR을 함께 보세요.
C49: ■ PER 계산 — 주가 ÷ 주당순이익 (결산일 종가·유통주식수는 2-3 시트에서 자동) [Ch03 제7절, 슬라이드 19~20]
D50: 대상기업 (메디톡스) | K50: 비교기업 (휴젤)
C51: 항목 | D51: 2020 | E51: 2021 | F51: 2022 | G51: 2023 | H51: 2024 | I51: 2025 | K51: 2020 | L51: 2021 | M51: 2022 | N51: 2023 | O51: 2024 | P51: 2025
C52: 12월 말 종가 (원, 2-3 시트 13행) | D52: =IF('2-3_PBR_비교'!D13="","",'2-3_PBR_비교'!D13) | E52: =IF('2-3_PBR_비교'!E13="","",'2-3_PBR_비교'!E13) | F52: =IF('2-3_PBR_비교'!F13="","",'2-3_PBR_비교'!F13) | G52: =IF('2-3_PBR_비교'!G13="","",'2-3_PBR_비교'!G13) | H52: =IF('2-3_PBR_비교'!H13="","",'2-3_PBR_비교'!H13) | I52: =IF('2-3_PBR_비교'!I13="","",'2-3_PBR_비교'!I13) | K52: =IF('2-3_PBR_비교'!K13="","",'2-3_PBR_비교'!K13) | L52: =IF('2-3_PBR_비교'!L13="","",'2-3_PBR_비교'!L13) | M52: =IF('2-3_PBR_비교'!M13="","",'2-3_PBR_비교'!M13) | N52: =IF('2-3_PBR_비교'!N13="","",'2-3_PBR_비교'!N13) | O52: =IF('2-3_PBR_비교'!O13="","",'2-3_PBR_비교'!O13) | P52: =IF('2-3_PBR_비교'!P13="","",'2-3_PBR_비교'!P13)
C53: 지배기업 소유주지분 순이익 (17행) | D53: =D21 -> 0 | E53: =E21 -> 0 | F53: =F21 -> 0 | G53: =G21 -> 0 | H53: =H21 -> 0 | I53: =I21 -> 0 | K53: =K21 -> 0 | L53: =L21 -> 0 | M53: =M21 -> 0 | N53: =N21 -> 0 | O53: =O21 -> 0 | P53: =P21 -> 0
C54: 유통주식수 (천주, 2-3 시트 12행) | D54: =IF('2-3_PBR_비교'!D12="","",'2-3_PBR_비교'!D12) | E54: =IF('2-3_PBR_비교'!E12="","",'2-3_PBR_비교'!E12) | F54: =IF('2-3_PBR_비교'!F12="","",'2-3_PBR_비교'!F12) | G54: =IF('2-3_PBR_비교'!G12="","",'2-3_PBR_비교'!G12) | H54: =IF('2-3_PBR_비교'!H12="","",'2-3_PBR_비교'!H12) | I54: =IF('2-3_PBR_비교'!I12="","",'2-3_PBR_비교'!I12) | K54: =IF('2-3_PBR_비교'!K12="","",'2-3_PBR_비교'!K12) | L54: =IF('2-3_PBR_비교'!L12="","",'2-3_PBR_비교'!L12) | M54: =IF('2-3_PBR_비교'!M12="","",'2-3_PBR_비교'!M12) | N54: =IF('2-3_PBR_비교'!N12="","",'2-3_PBR_비교'!N12) | O54: =IF('2-3_PBR_비교'!O12="","",'2-3_PBR_비교'!O12) | P54: =IF('2-3_PBR_비교'!P12="","",'2-3_PBR_비교'!P12)
C55: 주당순이익 EPS (원) = 지배주주순이익 × 1,000 ÷ 유통주식수 | D55: =IF(OR(D54="",D54=0),"",D53*1000/D54) | E55: =IF(OR(E54="",E54=0),"",E53*1000/E54) | F55: =IF(OR(F54="",F54=0),"",F53*1000/F54) | G55: =IF(OR(G54="",G54=0),"",G53*1000/G54) | H55: =IF(OR(H54="",H54=0),"",H53*1000/H54) | I55: =IF(OR(I54="",I54=0),"",I53*1000/I54) | K55: =IF(OR(K54="",K54=0),"",K53*1000/K54) | L55: =IF(OR(L54="",L54=0),"",L53*1000/L54) | M55: =IF(OR(M54="",M54=0),"",M53*1000/M54) | N55: =IF(OR(N54="",N54=0),"",N53*1000/N54) | O55: =IF(OR(O54="",O54=0),"",O53*1000/O54) | P55: =IF(OR(P54="",P54=0),"",P53*1000/P54)
C56: 후행 PER (trailing) = 종가 ÷ EPS | D56: =IF(OR(D52="",D55="",D55<=0),IF(AND(D52<>"",D55<>""),"n/a (적자)",""),D52/D55) | E56: =IF(OR(E52="",E55="",E55<=0),IF(AND(E52<>"",E55<>""),"n/a (적자)",""),E52/E55) | F56: =IF(OR(F52="",F55="",F55<=0),IF(AND(F52<>"",F55<>""),"n/a (적자)",""),F52/F55) | G56: =IF(OR(G52="",G55="",G55<=0),IF(AND(G52<>"",G55<>""),"n/a (적자)",""),G52/G55) | H56: =IF(OR(H52="",H55="",H55<=0),IF(AND(H52<>"",H55<>""),"n/a (적자)",""),H52/H55) | I56: =IF(OR(I52="",I55="",I55<=0),IF(AND(I52<>"",I55<>""),"n/a (적자)",""),I52/I55) | K56: =IF(OR(K52="",K55="",K55<=0),IF(AND(K52<>"",K55<>""),"n/a (적자)",""),K52/K55) | L56: =IF(OR(L52="",L55="",L55<=0),IF(AND(L52<>"",L55<>""),"n/a (적자)",""),L52/L55) | M56: =IF(OR(M52="",M55="",M55<=0),IF(AND(M52<>"",M55<>""),"n/a (적자)",""),M52/M55) | N56: =IF(OR(N52="",N55="",N55<=0),IF(AND(N52<>"",N55<>""),"n/a (적자)",""),N52/N55) | O56: =IF(OR(O52="",O55="",O55<=0),IF(AND(O52<>"",O55<>""),"n/a (적자)",""),O52/O55) | P56: =IF(OR(P52="",P55="",P55<=0),IF(AND(P52<>"",P55<>""),"n/a (적자)",""),P52/P55) | R56: 교재 3장 제7절: PER 최저 그룹의 이후 12개월 수익률이 최고 그룹보다 높았다 [슬라이드 20]. PER이 낮다고 곧 저평가는 아니지만 가격결정 오류의 후보라는 뜻입니다. 두 기업 모두 코스닥 상장이므로 KOSPI 평균 PER보다 코스닥 제약·바이오 업종 평균과 비교하는 편이 적절한지 함께 검토하세요.
C57: 주가매출액비율 PSR = 시가총액 ÷ 매출액 (적자 시 대체 지표) | D57: =IF(OR('2-3_PBR_비교'!D14="",D6=0),"",'2-3_PBR_비교'!D14/D6) | E57: =IF(OR('2-3_PBR_비교'!E14="",E6=0),"",'2-3_PBR_비교'!E14/E6) | F57: =IF(OR('2-3_PBR_비교'!F14="",F6=0),"",'2-3_PBR_비교'!F14/F6) | G57: =IF(OR('2-3_PBR_비교'!G14="",G6=0),"",'2-3_PBR_비교'!G14/G6) | H57: =IF(OR('2-3_PBR_비교'!H14="",H6=0),"",'2-3_PBR_비교'!H14/H6) | I57: =IF(OR('2-3_PBR_비교'!I14="",I6=0),"",'2-3_PBR_비교'!I14/I6) | K57: =IF(OR('2-3_PBR_비교'!K14="",K6=0),"",'2-3_PBR_비교'!K14/K6) | L57: =IF(OR('2-3_PBR_비교'!L14="",L6=0),"",'2-3_PBR_비교'!L14/L6) | M57: =IF(OR('2-3_PBR_비교'!M14="",M6=0),"",'2-3_PBR_비교'!M14/M6) | N57: =IF(OR('2-3_PBR_비교'!N14="",N6=0),"",'2-3_PBR_비교'!N14/N6) | O57: =IF(OR('2-3_PBR_비교'!O14="",O6=0),"",'2-3_PBR_비교'!O14/O6) | P57: =IF(OR('2-3_PBR_비교'!P14="",P6=0),"",'2-3_PBR_비교'!P14/P6)
C58: 3개년 평균 EPS 기준 PER (average, 일시적 변동 완화) | D58: — | E58: — | F58: =IF(OR(F52="",F55="",E55="",D55=""),"",IF(AVERAGE(D55:F55)<=0,"n/a",F52/AVERAGE(D55:F55))) | G58: =IF(OR(G52="",G55="",F55="",E55=""),"",IF(AVERAGE(E55:G55)<=0,"n/a",G52/AVERAGE(E55:G55))) | H58: =IF(OR(H52="",H55="",G55="",F55=""),"",IF(AVERAGE(F55:H55)<=0,"n/a",H52/AVERAGE(F55:H55))) | I58: =IF(OR(I52="",I55="",H55="",G55=""),"",IF(AVERAGE(G55:I55)<=0,"n/a",I52/AVERAGE(G55:I55))) | K58: — | L58: — | M58: =IF(OR(M52="",M55="",L55="",K55=""),"",IF(AVERAGE(K55:M55)<=0,"n/a",M52/AVERAGE(K55:M55))) | N58: =IF(OR(N52="",N55="",M55="",L55=""),"",IF(AVERAGE(L55:N55)<=0,"n/a",N52/AVERAGE(L55:N55))) | O58: =IF(OR(O52="",O55="",N55="",M55=""),"",IF(AVERAGE(M55:O55)<=0,"n/a",O52/AVERAGE(M55:O55))) | P58: =IF(OR(P52="",P55="",O55="",N55=""),"",IF(AVERAGE(N55:P55)<=0,"n/a",P52/AVERAGE(N55:P55)))
C61: ■ Chapter Report [제3장 · 가치평가에 기반한 손익계산서 분석]
C62: 교재 지시 | D62: Chapter report에서는 대상기업의 손익계산서를 설명하도록 한다. 독자는 기업이 영위하는 사업을 충분히 이해한 후에 손익계산서에 대하여 깊이 알아보도록 한다. (교재 p.113)
C63: 교재가 제시한 중점 | D63: 아래 항목을 빠짐없이 다루어야 합니다. 노란 칸에 서술하세요.
C64: 중점 1 | D64: 재무제표 주석에 포함되는 수익 및 비용항목에 관련된 중요한 회계원칙을 알아본다.
C65: → 서술
C67: 중점 2 | D67: 회사의 수익구성 및 비용의 구성을 분석한다.
C68: → 서술
C70: 중점 3 | D70: 보수주의 회계원칙이 기업의 비용인식에 어떤 영향을 주는지 분석한다.
C71: → 서술
C73: 중점 4 | D73: 기업의 주요 사업 이외의 수입원이 무엇이 있는지, 그 성격과 지속가능성 여부를 토론한다.
C74: → 서술
C76: 중점 5 | D76: 주가순이익비율(PER)을 계산하고 가격결정 오류의 가능성을 토론한다.
C77: → 서술
C79: 유의 | D79: 분석을 진행할 때 비교기업과의 비교 내용도 적절하게 포함하라. (교재)
